Customer Name,Product Name,Sum of Sales,Year
,Basketball,31.98,2022
,Men's Tank Top Black,35.97,2021
,Youth Flip Flop Yellow,44.95,2021
,Youth Hiking Boot Gray,71.98,2021
Aaron Anderson,Baseball Bat Wooden,153.92999999999998,2022
Aaron Anderson,Baseball Bat Wooden,175.92,2023
Aaron Anderson,Basketball Shirt Green,95.96,2022
Aaron Anderson,Basketball Shirt Yellow,47.98,2022
Aaron Anderson,Basketball Shirt Yellow,71.97,2023
Aaron Anderson,Football Shirt Green,139.95,2023
Aaron Anderson,Men's Hiking Boot Black,229.95000000000002,2023
Aaron Anderson,Men's T-Shirt Blue,63.96,2021
Aaron Anderson,Men's T-Shirt Blue,95.94,2023
Aaron Anderson,Men's T-Shirt Orange,63.96,2023
Aaron Brown,Men's Clog Black,53.97,2021
Aaron Brown,Men's Clog Black,89.94999999999999,2023
Aaron Brown,Men's Clog Blue,35.98,2021
Aaron Brown,Men's Clog Blue,71.96,2023
Aaron Brown,Men's Running Shoe Yellow,153.98,2021
Aaron Brown,Men's Running Shoe Yellow,307.96,2023
Aaron Brown,Tennis Racket,71.98,2022
Aaron Brown,Tennis Shorts White,199.92,2022
Aaron Wood,Baseball 3 pack,17.98,2022
Aaron Wood,Baseball Glove Black,62.97,2022
Aaron Wood,Baseball Glove Orange,167.92,2022
Aaron Wood,Baseball Glove Orange,188.91,2023
Aaron Wood,Baseball Shirt Black,77.97,2022
Aaron Wood,Baseball Shirt Black,51.98,2023
Aaron Wood,Basketball Shirt Green,71.97,2022
Aaron Wood,Basketball Shorts White,49.98,2021
Aaron Wood,Basketball Shorts Yellow,74.97,2022
Aaron Wood,Men's Pants White,215.94,2022
Aaron Wood,Men's Tank Top Black,59.95,2022
Aaron Wood,Men's T-Shirt Green,191.88,2022
Aaron Wood,Soccer Shirt Orange,119.94999999999999,2022
Aaron Wood,Soccer Shorts Red,25.99,2022
Aaron Wood,Soccer Shorts White,129.95,2022
Aaron Wood,Tennis Shorts Red,74.97,2022
Adam Bell,Baseball 12 pack,98.97,2022
Adam Bell,Baseball 12 pack,131.96,2023
Adam Bell,Baseball 24 pack,188.97,2022
Adam Bell,Baseball 24 pack,251.96,2023
Adam Bell,Basketball,95.94,2022
Adam Bell,Basketball Shirt Black,71.97,2022
Adam Bell,Soccer Shorts Blue,77.97,2022
Adam Bell,Soccer Shorts Blue,103.96,2023
Adam Bell,Soccer Shorts Yellow,129.95,2022
Adam Bell,Youth River Sandal Brown,164.95000000000002,2022
Adam Cox,Baseball Bat Aluminum,35.98,2022
Adam Cox,Baseball Bat Wooden,43.98,2021
Adam Cox,Baseball Pants Blue,139.95,2023
Adam Cox,Baseball Shirt Black,155.94,2023
Adam Cox,Baseball Shirt Blue,181.92999999999998,2022
Adam Cox,Basketball,191.88,2023
Adam Cox,Basketball Shirt Blue,71.97,2022
Adam Cox,Basketball Shirt Green,191.92,2023
Adam Cox,Basketball Shirt Yellow,263.89,2022
Adam Cox,Basketball Shorts Orange,224.91,2023
Adam Cox,Football Pads,179.90999999999997,2022
Adam Cox,Football Shirt White,167.94,2023
Adam Cox,Men's Pants White,179.95000000000002,2023
Adam Cox,Soccer Shorts White,207.92,2023
Adam Cox,Tennis Shirt Orange,215.91,2023
Adam Cox,Tennis Shirt White,47.98,2022
Adam Cox,Women's Clog White,31.98,2022
Adam Cox,Women's Hiking Boot Brown,128.97,2021
Adam Cox,Youth Running Shoe Red,44.99,2022
Alan Chapman,Baseball,20.93,2021
Alan Chapman,Basketball Shirt White,119.94999999999999,2021
Alan Chapman,Basketball Shirt White,167.92999999999998,2023
Alan Chapman,Basketball Shorts Black,124.94999999999999,2021
Alan Chapman,Basketball Shorts Black,174.92999999999998,2023
Alan Chapman,Football Shirt White,55.98,2021
Alan Chapman,Football Shirt White,111.96,2023
Alan Chapman,Women's Shorts White,24.99,2021
Alan Chapman,Women's Shorts White,74.97,2023
Alan Rodriguez,Baseball,14.950000000000001,2021
Alan Rodriguez,Baseball,20.93,2023
Alan Rodriguez,Football Pants Red,173.94,2021
Alan Rodriguez,Football Pants Red,231.92,2023
Alan Rodriguez,Soccer Shirt Black,47.98,2022
Alan Rodriguez,Tennis Balls 24 pack,99.98,2022
Alan Romero,Soccer Shirt Red,239.89999999999998,2021
Alan Romero,Soccer Shorts Orange,77.97,2021
Alan Romero,Women's River Sandal Beige,163.96,2023
Alan Romero,Youth's T-Shirt Blue,59.95,2022
Alan Ross,Baseball Bat Aluminum,53.97,2022
Alan Ross,Basketball Shirt Black,143.94,2023
Alan Ross,Basketball Shirt Orange,95.96,2022
Alan Ross,Basketball Shirt Red,143.94,2021
Alan Ross,Basketball Shirt Yellow,143.94,2023
Alan Ross,Basketball Shorts Orange,74.97,2021
Alan Ross,Basketball Shorts Red,124.94999999999999,2021
Alan Ross,Football Helmet Orange,154.95,2022
Alan Ross,Football Helmet Orange,185.94,2023
Alan Ross,Football Pants Black,57.98,2021
Alan Ross,Football Pants Green,57.98,2021
Alan Ross,Men's Shorts Green,51.98,2022
Alan Ross,Men's T-Shirt White,47.97,2022
Alan Ross,Soccer Ball,101.94,2023
Alan Ross,Tennis Balls 9 pack,59.97,2021
Alan Ross,Tennis Shirt Yellow,143.94,2022
Alan Ross,Tennis Shirt Yellow,167.92999999999998,2023
Alan Ross,Tennis Shorts White,74.97,2021
Alan Ross,Women's Hiking Boot Gray,85.98,2021
Alan Ross,Women's Running Shoe White,749.9,2023
Alan Ross,Youth Running Shoe Red,134.97,2022
Alan Wilson,Baseball Bat Wooden,43.98,2021
Alan Wilson,Baseball Bat Wooden,87.96,2023
Alan Wilson,Baseball Shirt Blue,51.98,2021
Alan Wilson,Baseball Shirt Blue,103.96,2023
Alan Wilson,Basketball Shirt Green,119.94999999999999,2021
Alan Wilson,Basketball Shirt Green,119.94999999999999,2022
Alan Wilson,Basketball Shirt Green,143.94,2023
Alan Wilson,Basketball Shorts Orange,49.98,2021
Alan Wilson,Basketball Shorts Orange,99.96,2023
Alan Wilson,Basketball Shorts Yellow,74.97,2021
Alan Wilson,Football Helmet White,154.95,2023
Alan Wilson,Football Pads,59.97,2021
Alan Wilson,Football Pads,99.94999999999999,2023
Alan Wilson,Men's Shorts Red,103.96,2021
Alan Wilson,Men's Shorts Red,155.94,2023
Alan Wilson,Soccer Ball,16.99,2022
Alan Wilson,Soccer Ball,33.98,2023
Alan Wilson,Tennis Shirt Blue,23.99,2021
Alan Wilson,Women's Running Shoe Yellow,299.96,2021
Alan Wilson,Women's Running Shoe Yellow,449.93999999999994,2023
Alan Wilson,Women's Tank Top White,10.99,2022
Albert Schmidt,Baseball 6 pack,84.94999999999999,2021
Albert Schmidt,Baseball Pants Black,111.96,2023
Albert Schmidt,Basketball,127.92,2023
Albert Schmidt,Basketball Shorts Orange,299.88,2023
Albert Schmidt,Basketball Shorts Yellow,174.92999999999998,2023
Albert Schmidt,Women's Clog Red,31.98,2022
Albert Schmidt,Women's Pants Orange,174.95000000000002,2023
Alice Bradley,Baseball 6 pack,50.97,2022
Alice Bradley,Baseball Bat Aluminum,35.98,2022
Alice Bradley,Baseball Shirt Blue,155.94,2021
Alice Bradley,Basketball Shorts Black,99.96,2022
Alice Bradley,Basketball Shorts Green,149.94,2022
Alice Bradley,Men's Pants Black,71.98,2021
Alice Bradley,Men's Tank Top Green,35.97,2022
Alice Bradley,Tennis Shorts Blue,324.87,2021
Alice Bradley,Youth Hiking Boot Black,107.97,2021
Amanda Wallace,Baseball,14.950000000000001,2022
Amanda Wallace,Baseball Pants Blue,167.94,2023
Amanda Wallace,Basketball,31.98,2021
Amanda Wallace,Basketball Shorts Black,49.98,2021
Amanda Wallace,Basketball Shorts Green,224.91,2022
Amanda Wallace,Basketball Shorts Orange,99.96,2022
Amanda Wallace,Basketball Shorts White,24.99,2021
Amanda Wallace,Football Pants Black,202.92999999999998,2021
Amanda Wallace,Football Pants Red,144.95,2023
Amanda Wallace,Men's Clog Black,251.85999999999999,2021
Amanda Wallace,Men's Flip Flop White,13.99,2021
Amanda Wallace,Men's Tank Top Yellow,71.94,2023
Amanda Wallace,Soccer Ball,101.94,2021
Amanda Wallace,Soccer Shorts Red,155.94,2023
Amanda Wallace,Tennis Racket,71.98,2021
Amanda Wallace,Tennis Racket,215.94,2022
Amanda Wallace,Women's Pants Green,419.88,2023
Amanda Wallace,Women's Shorts White,124.94999999999999,2023
Amanda Wallace,Youth Flip Flop Orange,62.93,2023
Amy Brooks,Basketball Shorts Orange,124.94999999999999,2022
Amy Brooks,Football Pants Blue,57.98,2021
Amy Brooks,Men's River Sandal Brown,171.96,2021
Amy Brooks,Soccer Ball,101.94,2023
Amy Brooks,Soccer Shorts Black,51.98,2021
Amy Brooks,Soccer Shorts Blue,181.92999999999998,2022
Amy Brooks,Soccer Shorts Red,51.98,2021
Amy Brooks,Women's Hiking Boot Gray,128.97,2022
Amy Brooks,Women's Shorts Blue,174.92999999999998,2022
Amy Brooks,Women's Shorts Blue,199.92,2023
Amy Brooks,Youth Flip Flop Red,35.96,2021
Amy Brooks,Youth Hiking Boot Beige,179.95000000000002,2022
Amy Brooks,Youth Hiking Boot Beige,215.94,2023
Amy Brooks,Youth Running Shoe White,179.96,2021
Amy Carpenter,Basketball,63.96,2022
Amy Carpenter,Basketball Shorts Red,74.97,2021
Amy Carpenter,Basketball Shorts Red,124.94999999999999,2023
Amy Carpenter,Tennis Shirt Green,119.94999999999999,2022
Andrea Arnold,Basketball Shorts Blue,74.97,2022
Andrea Arnold,Men's Pants White,71.98,2021
Andrea Arnold,Men's Shorts Red,77.97,2021
Andrea Arnold,Soccer Shorts Green,25.99,2022
Andrea Arnold,Tennis Racket,35.99,2022
Andrea Arnold,Tennis Shorts Green,99.96,2022
Andrea Arnold,Women's T-Shirt Green,74.95,2021
Andrea Stevens,Baseball Pants White,139.95,2023
Andrea Stevens,Baseball Shirt Green,77.97,2021
Andrea Stevens,Basketball Shirt Orange,119.94999999999999,2022
Andrea Stevens,Basketball Shorts Green,49.98,2022
Andrea Stevens,Football Pads,19.99,2021
Andrea Stevens,Football Shirt Green,27.99,2022
Andrea Stevens,Men's T-Shirt Blue,79.95,2023
Andrea Stevens,Tennis Balls 24 pack,449.91,2021
Andrea Stevens,Women's Pants Red,174.95000000000002,2023
Andrea Stevens,Women's Running Shoe Green,524.93,2021
Andrea Stevens,Women's Tank Top Blue,76.93,2023
Andrea Stevens,Women's T-Shirt Green,44.97,2022
Andrea Stevens,Women's T-Shirt Red,14.99,2022
Andrea Stevens,Women's T-Shirt Red,89.94,2023
Andrea Stevens,Youth Flip Flop White,8.99,2022
Andrew Riley,Baseball 24 pack,188.97,2022
Andrew Riley,Basketball,31.98,2021
Andrew Riley,Basketball Shorts Orange,74.97,2022
Andrew Riley,Men's Hiking Boot Black,91.98,2022
Andrew Riley,Men's Shorts Black,51.98,2021
Andrew Riley,Men's Shorts Black,103.96,2023
Andrew Riley,Men's Shorts Green,77.97,2021
Andrew Riley,Men's Shorts Green,129.95,2023
Andrew Riley,Men's Tank Top Yellow,143.88,2023
Andrew Riley,Soccer Shirt Orange,143.94,2022
Andrew Riley,Women's Pants Red,104.97,2022
Andrew Riley,Women's Shorts Yellow,74.97,2022
Andrew Riley,Youth River Sandal Beige,263.92,2022
Andrew Taylor,Baseball 3 pack,35.96,2022
Andrew Taylor,Baseball 3 pack,44.95,2023
Andrew Taylor,Baseball Bat Wooden,43.98,2022
Andrew Taylor,Baseball Glove White,20.99,2022
Andrew Taylor,Basketball Shorts Yellow,99.96,2023
Andrew Taylor,Men's Running Shoe Blue,692.91,2022
Andrew Taylor,Women's Tank Top White,21.98,2021
Andrew Taylor,Youth Running Shoe Yellow,89.98,2021
Angela Rogers,Baseball 24 pack,314.95,2022
Angela Rogers,Basketball Shirt Red,119.94999999999999,2022
Angela Rogers,Basketball Shirt Red,143.94,2023
Angela Rogers,Basketball Shirt Yellow,191.92,2022
Angela Rogers,Basketball Shirt Yellow,239.89999999999998,2023
Angela Rogers,Soccer Ball,67.96,2022
Angela Rogers,Soccer Ball,84.94999999999999,2023
Angela Rogers,Women's Clog Black,31.98,2022
Angela Rogers,Women's Clog Blue,31.98,2022
Angela Rogers,Women's Hiking Boot Black,300.93,2023
Angela Rogers,Youth's T-Shirt Orange,59.95,2022
Angela Rogers,Youth's T-Shirt Orange,71.94,2023
Anna Baker,Baseball Glove Green,41.98,2021
Anna Baker,Basketball Shirt Black,95.96,2021
Anna Baker,Basketball Shorts Black,99.96,2021
Anna Baker,Basketball Shorts Yellow,24.99,2021
Anna Baker,Football Pads,59.97,2021
Anna Baker,Football Pads,79.96,2022
Anna Baker,Men's Tank Top Red,11.99,2022
Anna Baker,Men's T-Shirt Black,15.99,2021
Anna Baker,Men's T-Shirt Blue,47.97,2022
Anna Baker,Soccer Ball,67.96,2022
Anna Baker,Soccer Shirt White,239.89999999999998,2022
Anna Baker,Soccer Shorts Black,129.95,2023
Anna Baker,Soccer Shorts Green,51.98,2021
Anna Baker,Soccer Shorts Yellow,103.96,2021
Anna Baker,Women's Flip Flop Green,23.98,2022
Anna Baker,Women's Running Shoe Orange,524.93,2022
Anna Baker,Youth River Sandal Black,65.98,2021
Anna Cooper,Basketball Shirt Yellow,119.94999999999999,2022
Anna Cooper,Basketball Shorts Black,74.97,2021
Anna Cooper,Basketball Shorts Black,124.94999999999999,2023
Anna Cooper,Men's Hiking Boot Beige,413.91,2022
Anna Cooper,Men's Shorts Green,129.95,2023
Anna Cooper,Men's T-Shirt White,47.97,2022
Anna Cooper,Soccer Shirt Yellow,143.94,2022
Anna Cooper,Tennis Racket,107.97,2022
Anna Cooper,Women's Pants Yellow,34.99,2021
Anna Cooper,Women's Tank Top Green,32.97,2021
Anna Wagner,Baseball 12 pack,164.95000000000002,2022
Anna Wagner,Baseball 24 pack,503.92,2021
Anna Wagner,Baseball Shirt Yellow,103.96,2021
Anna Wagner,Basketball Shirt Black,47.98,2021
Anna Wagner,Basketball Shirt Yellow,47.98,2022
Anna Wagner,Basketball Shorts Orange,174.92999999999998,2023
Anna Wagner,Basketball Shorts Red,74.97,2022
Anna Wagner,Football Helmet White,61.98,2021
Anna Wagner,Football Pants Yellow,260.90999999999997,2021
Anna Wagner,Football Pants Yellow,144.95,2022
Anna Wagner,Soccer Ball,33.98,2022
Anna Wagner,Soccer Shorts Blue,77.97,2021
Anna Wagner,Tennis Balls 3 pack,27.96,2021
Anna Wagner,Women's River Sandal Gray,81.98,2021
Anna Wagner,Women's Shorts Blue,199.92,2023
Anna Wagner,Women's Shorts Green,49.98,2022
Anna Wagner,Women's Tank Top White,43.96,2022
Anna Wagner,Youth Running Shoe Orange,449.90000000000003,2023
Anna Wagner,Youth Running Shoe White,89.98,2021
Anna Wagner,Youth Running Shoe White,89.98,2022
Anne Armstrong,Baseball 24 pack,377.94,2023
Anne Armstrong,Baseball Glove Green,125.94,2023
Anne Armstrong,Baseball Shirt Yellow,259.9,2023
Anne Armstrong,Basketball,31.98,2022
Anne Armstrong,Basketball Shorts Black,49.98,2022
Anne Armstrong,Football Helmet Blue,61.98,2022
Anne Armstrong,Football Shirt Black,83.97,2021
Anne Armstrong,Football Shirt Black,139.95,2023
Anne Armstrong,Men's Pants Blue,287.92,2023
Anne Armstrong,Men's Running Shoe Green,615.92,2023
Anne Armstrong,Men's Shorts Yellow,103.96,2021
Anne Armstrong,Men's Shorts Yellow,155.94,2023
Anne Armstrong,Men's Tank Top Orange,35.97,2022
Anne Armstrong,Soccer Shorts Yellow,51.98,2022
Anne Armstrong,Women's Hiking Boot Gray,128.97,2022
Anne Armstrong,Women's Pants Red,69.98,2022
Anne Armstrong,Women's Tank Top Green,98.91,2022
Anne Armstrong,Youth Flip Flop Blue,80.91,2022
Annie Cunningham,Baseball 24 pack,314.95,2022
Annie Cunningham,Baseball 24 pack,377.94,2023
Annie Cunningham,Baseball Glove Black,230.89,2023
Annie Cunningham,Basketball Shirt Black,47.98,2021
Annie Cunningham,Soccer Ball,16.99,2022
Annie Cunningham,Women's Pants Green,174.95000000000002,2022
Annie Cunningham,Women's Pants Green,209.94,2023
Annie Cunningham,Women's River Sandal Beige,163.96,2021
Annie White,Baseball Glove Red,125.94,2023
Annie White,Basketball Shorts Green,149.94,2023
Annie White,Basketball Shorts Orange,174.92999999999998,2021
Annie White,Basketball Shorts Yellow,174.92999999999998,2023
Annie White,Football Helmet Black,247.92,2023
Annie White,Football Pads,79.96,2022
Annie White,Men's Shorts Green,207.92,2023
Annie White,Women's Flip Flop Yellow,119.9,2023
Annie White,Women's Hiking Boot Brown,214.95000000000002,2023
Annie White,Women's Running Shoe Orange,374.95,2023
Annie White,Women's Tank Top Orange,65.94,2023
Annie White,Youth Flip Flop Blue,44.95,2023
Annie White,Youth's Pants Blue,74.97,2021
Annie White,Youth's T-Shirt White,83.93,2023
Anthony Stephens,Baseball 3 pack,8.99,2022
Anthony Stephens,Basketball,79.95,2023
Anthony Stephens,Basketball Shirt Blue,47.98,2022
Anthony Stephens,Basketball Shirt Blue,71.97,2023
Anthony Stephens,Basketball Shorts Red,124.94999999999999,2021
Anthony Stephens,Football Pads,19.99,2023
Anthony Stephens,Men's Pants Yellow,107.97,2022
Anthony Stephens,Men's Pants Yellow,143.96,2023
Anthony Stephens,Men's Running Shoe Black,230.96999999999997,2022
Anthony Stephens,Men's Running Shoe Black,307.96,2023
Anthony Stephens,Men's Running Shoe Green,153.98,2022
Anthony Stephens,Men's Running Shoe Green,230.96999999999997,2023
Anthony Stephens,Men's Running Shoe Red,76.99,2022
Anthony Stephens,Tennis Racket,107.97,2022
Anthony Stephens,Women's Shorts Blue,49.98,2021
Anthony Stephens,Youth Flip Flop White,26.97,2022
Anthony Stephens,Youth Flip Flop White,35.96,2023
Anthony West,Baseball Glove Red,146.92999999999998,2022
Anthony West,Baseball Glove Red,167.92,2023
Anthony West,Basketball Shirt White,119.94999999999999,2022
Anthony West,Basketball Shorts Black,24.99,2021
Anthony West,Basketball Shorts White,49.98,2021
Anthony West,Basketball Shorts Yellow,124.94999999999999,2021
Anthony West,Football Shirt Black,55.98,2022
Anthony West,Football Shirt Blue,83.97,2021
Anthony West,Men's Pants Black,179.95000000000002,2022
Anthony West,Men's Pants Black,215.94,2023
Anthony West,Soccer Ball,33.98,2021
Anthony West,Soccer Shirt Green,191.92,2021
Anthony West,Tennis Shorts Black,74.97,2021
Anthony West,Women's Pants Black,139.96,2021
Anthony West,Women's Tank Top Orange,32.97,2021
Anthony West,Youth River Sandal Black,98.97,2021
Antonio Banks,Baseball Bat Wooden,131.94,2023
Antonio Banks,Basketball Shirt Black,47.98,2022
Antonio Banks,Basketball Shorts Black,99.96,2022
Antonio Banks,Basketball Shorts Blue,324.87,2023
Antonio Banks,Basketball Shorts Green,324.87,2021
Antonio Banks,Basketball Shorts Green,374.84999999999997,2023
Antonio Banks,Men's Pants White,71.98,2022
Antonio Banks,Men's Pants Yellow,107.97,2022
Antonio Banks,Men's Running Shoe Green,230.96999999999997,2021
Antonio Banks,Tennis Shirt Blue,239.89999999999998,2023
Antonio Banks,Tennis Shorts Blue,49.98,2021
Antonio Banks,Tennis Shorts Blue,99.96,2023
Antonio Banks,Tennis Shorts White,49.98,2022
Antonio Banks,Women's Tank Top White,21.98,2022
Antonio Banks,Women's T-Shirt Green,44.97,2022
Antonio Banks,Women's T-Shirt Red,29.98,2022
Antonio Banks,Youth Flip Flop Orange,71.92,2023
Antonio Banks,Youth Hiking Boot Black,215.94,2022
Antonio Banks,Youth's Tank Top Blue,53.94,2023
Antonio Snyder,Baseball Glove Orange,20.99,2022
Antonio Snyder,Basketball Shirt Blue,263.89,2023
Antonio Snyder,Basketball Shirt Green,119.94999999999999,2022
Antonio Snyder,Basketball Shirt Green,143.94,2023
Antonio Snyder,Basketball Shorts Orange,99.96,2022
Antonio Snyder,Men's Running Shoe Orange,384.95,2022
Antonio Snyder,Soccer Shirt Blue,23.99,2021
Antonio Snyder,Soccer Shirt Blue,47.98,2022
Antonio Snyder,Youth Flip Flop Yellow,44.95,2021
Ashley Carroll,Baseball 12 pack,65.98,2022
Ashley Carroll,Baseball Glove Black,20.99,2022
Ashley Carroll,Baseball Shirt Green,77.97,2022
Ashley Carroll,Basketball Shirt Black,191.92,2022
Ashley Carroll,Basketball Shorts Blue,174.92999999999998,2023
Ashley Carroll,Football Helmet Orange,185.94,2022
Ashley Carroll,Football Pants Green,144.95,2022
Ashley Carroll,Football Pants Green,173.94,2023
Ashley Carroll,Men's Pants Blue,107.97,2022
Ashley Carroll,Men's Running Shoe Blue,76.99,2022
Ashley Carroll,Men's Shorts Green,51.98,2022
Ashley Carroll,Soccer Shirt White,95.96,2022
Ashley Carroll,Tennis Racket,71.98,2022
Ashley Carroll,Tennis Shirt White,119.94999999999999,2023
Ashley Carroll,Women's River Sandal Gray,204.95000000000002,2022
Ashley Carroll,Women's Shorts Yellow,74.97,2022
Ashley Carroll,Women's Tank Top Blue,54.95,2022
Ashley Carroll,Women's Tank Top Blue,65.94,2023
Ashley Carroll,Youth Running Shoe Green,134.97,2022
Beverly Coleman,Baseball 12 pack,164.95000000000002,2022
Beverly Coleman,Baseball 3 pack,26.97,2022
Beverly Coleman,Baseball Glove Yellow,41.98,2023
Beverly Coleman,Basketball Shirt Green,71.97,2021
Beverly Coleman,Basketball Shorts Green,99.96,2021
Beverly Coleman,Football Helmet Blue,123.96,2021
Beverly Coleman,Football Pads,19.99,2022
Beverly Coleman,Men's Flip Flop Blue,111.92,2022
Beverly Coleman,Men's River Sandal Brown,214.95000000000002,2023
Beverly Coleman,Men's Shorts Green,25.99,2021
Beverly Coleman,Men's Tank Top Red,35.97,2022
Beverly Coleman,Men's Tank Top White,35.97,2021
Beverly Coleman,Soccer Ball,84.94999999999999,2021
Beverly Coleman,Soccer Shorts Blue,77.97,2021
Beverly Coleman,Soccer Shorts Orange,181.92999999999998,2021
Beverly Coleman,Youth Flip Flop White,26.97,2021
Beverly Coleman,Youth Flip Flop White,35.96,2022
Beverly Coleman,Youth River Sandal Black,32.99,2022
Beverly Coleman,Youth's Pants Red,24.99,2022
Beverly Stone,Baseball Bat Wooden,43.98,2022
Beverly Stone,Basketball,159.9,2022
Beverly Stone,Basketball,191.88,2023
Beverly Stone,Basketball Shirt Blue,95.96,2022
Beverly Stone,Basketball Shorts Blue,124.94999999999999,2022
Beverly Stone,Basketball Shorts Blue,149.94,2023
Beverly Stone,Men's Hiking Boot Gray,45.99,2022
Beverly Stone,Men's Hiking Boot Gray,91.98,2023
Beverly Stone,Men's Pants White,107.97,2022
Beverly Stone,Men's Pants White,143.96,2023
Beverly Stone,Men's Shorts Blue,51.98,2022
Beverly Stone,Soccer Ball,50.97,2022
Beverly Stone,Soccer Shirt Orange,23.99,2022
Beverly Stone,Soccer Shirt Orange,47.98,2023
Beverly Stone,Tennis Shirt Red,47.98,2022
Beverly Stone,Tennis Shorts Orange,74.97,2022
Beverly Stone,Tennis Shorts Orange,99.96,2023
Beverly Stone,Women's Shorts Black,24.99,2022
Beverly Stone,Women's Shorts Black,49.98,2023
Beverly Stone,Women's T-Shirt Blue,29.98,2022
Beverly Stone,Women's T-Shirt Blue,44.97,2023
Beverly Stone,Youth Hiking Boot Brown,35.99,2022
Billy Clark,Baseball 6 pack,118.92999999999999,2022
Billy Clark,Baseball Shirt White,51.98,2022
Billy Clark,Basketball,47.97,2021
Billy Clark,Basketball Shirt Green,71.97,2021
Billy Clark,Basketball Shirt Green,119.94999999999999,2023
Billy Clark,Basketball Shorts Black,74.97,2022
Billy Clark,Men's Clog Blue,161.91,2023
Billy Clark,Soccer Ball,16.99,2021
Billy Clark,Soccer Shorts Red,155.94,2022
Billy Clark,Tennis Racket,143.96,2021
Billy Clark,Tennis Shorts Red,24.99,2022
Billy Clark,Women's Pants Orange,104.97,2022
Billy Clark,Women's Running Shoe White,224.96999999999997,2021
Billy Clark,Women's Tank Top Blue,21.98,2021
Billy Clark,Women's Tank Top Orange,186.83,2022
Billy Clark,Women's T-Shirt Orange,14.99,2021
Billy Clark,Women's T-Shirt Orange,44.97,2023
Billy Clark,Youth Flip Flop Black,44.95,2021
Billy Clark,Youth Flip Flop White,17.98,2022
Billy Clark,Youth's Tank Top Blue,26.97,2021
Billy Cook,Baseball Glove Green,62.97,2022
Billy Cook,Baseball Glove Orange,146.92999999999998,2022
Billy Cook,Baseball Pants Green,195.92999999999998,2023
Billy Cook,Basketball Shirt Yellow,23.99,2021
Billy Cook,Basketball Shirt Yellow,71.97,2023
Billy Cook,Basketball Shorts Green,49.98,2022
Billy Cook,Basketball Shorts Red,74.97,2021
Billy Cook,Soccer Ball,33.98,2022
Billy Cook,Soccer Shorts Orange,181.92999999999998,2022
Billy Cook,Women's Flip Flop Yellow,11.99,2021
Billy Cook,Women's Hiking Boot Gray,128.97,2021
Billy Cook,Women's Pants Black,314.91,2023
Billy Cook,Women's Running Shoe Orange,524.93,2023
Billy Cook,Women's Tank Top Green,10.99,2021
Billy Cook,Women's Tank Top Green,32.97,2022
Billy Cook,Youth Flip Flop Yellow,71.92,2023
Bobby Warren,Baseball,17.94,2022
Bobby Warren,Baseball Pants White,111.96,2021
Bobby Warren,Baseball Shirt Red,51.98,2022
Bobby Warren,Basketball Shorts White,24.99,2022
Bobby Warren,Football Helmet Red,340.89,2022
Bobby Warren,Football Helmet Red,309.9,2023
Bobby Warren,Football Pads,139.92999999999998,2023
Bobby Warren,Men's Hiking Boot Beige,367.92,2022
Bobby Warren,Men's Hiking Boot Beige,413.91,2023
Bobby Warren,Men's Pants White,107.97,2021
Bobby Warren,Soccer Ball,16.99,2022
Bobby Warren,Soccer Shirt Black,47.98,2022
Bobby Warren,Soccer Shirt Black,71.97,2023
Bobby Warren,Soccer Shorts Green,51.98,2021
Bobby Warren,Tennis Balls 9 pack,59.97,2022
Bobby Warren,Women's Tank Top Green,54.95,2022
Bobby Warren,Women's Tank Top Green,65.94,2023
Bobby Warren,Youth Running Shoe Blue,89.98,2021
Bobby Warren,Youth Running Shoe Blue,179.96,2023
Bobby Warren,Youth Running Shoe Yellow,134.97,2022
Bonnie Williamson,Baseball 12 pack,98.97,2021
Bonnie Williamson,Baseball 3 pack,62.93,2023
Bonnie Williamson,Basketball Shirt Green,71.97,2021
Bonnie Williamson,Basketball Shirt Green,119.94999999999999,2023
Bonnie Williamson,Football Pads,179.91,2023
Bonnie Williamson,Football Shirt Orange,139.95,2023
Bonnie Williamson,Soccer Ball,152.91,2023
Bonnie Williamson,Women's Shorts Black,124.94999999999999,2023
Brandon Adams,Baseball Glove Black,41.98,2022
Brandon Adams,Baseball Glove Red,125.94,2021
Brandon Adams,Baseball Glove Red,167.92,2023
Brandon Adams,Football Shirt Orange,111.96,2021
Brandon Adams,Football Shirt Orange,167.94,2023
Brandon Adams,Men's Flip Flop Black,41.97,2021
Brandon Adams,Men's Flip Flop Black,69.95,2023
Brandon Adams,Men's River Sandal Brown,214.95000000000002,2021
Brandon Adams,Men's River Sandal Brown,300.93,2023
Brandon Adams,Men's Shorts Yellow,103.96,2023
Brandon Adams,Men's T-Shirt Blue,63.96,2021
Brandon Adams,Soccer Ball,220.86999999999998,2021
Brandon Adams,Soccer Ball,50.97,2022
Brandon Adams,Soccer Ball,220.86999999999998,2023
Brandon Adams,Soccer Shorts Black,155.94,2021
Brandon Adams,Youth River Sandal Black,230.93,2021
Brandon Adams,Youth River Sandal Black,296.91,2023
Brandon Adams,Youth's Tank Top Red,26.97,2021
Brandon Adams,Youth's Tank Top Red,44.95,2023
Brandon Burke,Basketball Shorts Yellow,124.94999999999999,2022
Brandon Burke,Basketball Shorts Yellow,149.94,2023
Brandon Burke,Men's Pants Yellow,287.92,2023
Brandon Burke,Soccer Ball,33.98,2022
Brandon Burke,Tennis Balls 24 pack,299.94,2023
Brandon Carter,Men's Flip Flop Orange,83.94,2023
Brandon Carter,Soccer Shirt Red,143.94,2023
Brandon Carter,Soccer Shorts Orange,155.94,2021
Brandon Carter,Tennis Shirt White,47.98,2022
Brandon Carter,Women's Shorts Blue,49.98,2021
Brandon Carter,Women's Tank Top Black,21.98,2021
Brandon Reed,Baseball 3 pack,17.98,2022
Brandon Reed,Baseball Pants White,251.91,2023
Brandon Reed,Basketball Shorts White,124.94999999999999,2021
Brandon Reed,Basketball Shorts White,174.92999999999998,2023
Brandon Reed,Men's Clog Green,125.92999999999999,2021
Brandon Reed,Men's Running Shoe Blue,538.93,2021
Brandon Reed,Men's T-Shirt Black,63.96,2021
Brandon Reed,Men's T-Shirt Black,95.94,2023
Brandon Reed,Soccer Ball,33.98,2022
Brandon Reed,Soccer Shorts Black,51.98,2022
Brandon Reed,Women's Clog Red,31.98,2022
Brandon Reed,Women's Pants White,104.97,2021
Brandon Reed,Women's Pants White,174.95000000000002,2023
Brandon Reed,Women's T-Shirt White,134.91,2022
Brandon Reed,Youth Flip Flop Green,35.96,2022
Brandon Reed,Youth Hiking Boot Beige,143.96,2021
Brandon Reed,Youth Hiking Boot Beige,215.94,2023
Brandon Reed,Youth River Sandal Gray,32.99,2021
Brandon Reed,Youth River Sandal Gray,98.97,2023
Brandon Roberts,Baseball Glove Yellow,41.98,2021
Brandon Roberts,Basketball Shirt Red,95.96,2023
Brandon Roberts,Basketball Shorts Black,149.94,2023
Brandon Roberts,Football Pads,59.97,2022
Brandon Roberts,Football Shirt Orange,111.96,2022
Brandon Roberts,Tennis Shirt Red,143.94,2022
Brandon Roberts,Women's Flip Flop Blue,59.95,2021
Brandon Roberts,Women's Pants Black,314.91,2023
Brandon Roberts,Women's Tank Top Yellow,32.97,2022
Brandon Sims,Baseball 3 pack,26.97,2021
Brandon Sims,Basketball,47.97,2021
Brandon Sims,Basketball Shirt Red,215.91,2021
Brandon Sims,Football Pads,79.96,2022
Brandon Sims,Football Shirt Yellow,83.97,2022
Brandon Sims,Men's Clog Blue,71.96,2023
Brandon Sims,Men's Clog Yellow,125.92999999999999,2023
Brandon Sims,Men's Tank Top Black,23.98,2021
Brandon Sims,Soccer Shirt Blue,143.94,2023
Brandon Sims,Tennis Balls 3 pack,13.98,2022
Brandon Sims,Tennis Racket,107.97,2021
Brandon Sims,Women's Clog Red,47.97,2021
Brandon Sims,Women's Pants Yellow,244.93,2022
Brandon Sims,Women's T-Shirt Green,44.97,2021
Brandon Sims,Youth Flip Flop White,17.98,2022
Brandon Sims,Youth Hiking Boot Brown,35.99,2022
Brandon Sims,Youth Running Shoe Green,89.98,2021
Brandon Turner,Baseball Pants White,83.97,2021
Brandon Turner,Baseball Shirt Red,77.97,2021
Brandon Turner,Basketball Shorts Yellow,99.96,2021
Brandon Turner,Football Pads,59.97,2022
Brandon Turner,Soccer Ball,135.92,2021
Brandon Turner,Tennis Racket,323.91,2021
Brandon Turner,Tennis Shirt Yellow,71.97,2021
Brandon Turner,Youth River Sandal Beige,164.95000000000002,2022
Brandon Turner,Youth River Sandal Black,65.98,2022
Brenda Adams,Baseball Glove Blue,125.94,2023
Brenda Adams,Baseball Shirt Orange,77.97,2022
Brenda Adams,Basketball Shirt Black,47.98,2022
Brenda Adams,Basketball Shorts White,149.94,2023
Brenda Adams,Football Shirt Black,27.99,2021
Brenda Adams,Men's Pants Orange,251.93,2021
Brenda Adams,Soccer Shirt Green,71.97,2021
Brenda Adams,Women's T-Shirt Red,44.97,2021
Brenda Ruiz,Baseball 24 pack,566.91,2022
Brenda Ruiz,Basketball,95.94,2021
Brenda Ruiz,Basketball,127.92,2023
Brenda Ruiz,Basketball Shirt White,47.98,2021
Brenda Ruiz,Basketball Shirt White,95.96,2023
Brenda Ruiz,Basketball Shorts Red,174.92999999999998,2022
Brenda Ruiz,Basketball Shorts White,249.89999999999998,2023
Brenda Ruiz,Football Helmet Blue,185.94,2023
Brenda Ruiz,Football Pads,119.94,2023
Brenda Ruiz,Men's Clog Yellow,35.98,2022
Brenda Ruiz,Men's Running Shoe Orange,461.93999999999994,2021
Brenda Ruiz,Men's Running Shoe Orange,615.92,2023
Brenda Ruiz,Men's Tank Top Orange,35.97,2021
Brenda Ruiz,Men's Tank Top Red,59.95,2022
Brenda Ruiz,Men's Tank Top Red,71.94,2023
Brenda Ruiz,Soccer Ball,84.94999999999999,2022
Brenda Ruiz,Soccer Ball,101.94,2023
Brenda Ruiz,Soccer Shorts Blue,155.94,2023
Brenda Ruiz,Soccer Shorts Yellow,51.98,2021
Brenda Ruiz,Tennis Shirt Yellow,47.98,2022
Brenda Ruiz,Women's Pants Orange,209.94,2023
Brenda Ruiz,Women's River Sandal Brown,122.97,2022
Brenda Ruiz,Women's Shorts Red,74.97,2021
Brenda Ruiz,Women's Shorts Yellow,174.92999999999998,2022
Brenda Ruiz,Women's T-Shirt Green,104.93,2023
Brenda Ruiz,Women's T-Shirt Orange,29.98,2022
Brenda Ruiz,Women's T-Shirt Red,119.92,2021
Brenda Ruiz,Women's T-Shirt Red,149.9,2023
Bruce Bishop,Baseball 24 pack,62.99,2022
Bruce Bishop,Baseball Glove White,104.94999999999999,2022
Bruce Bishop,Baseball Shirt Orange,51.98,2021
Bruce Bishop,Basketball Shirt Red,239.89999999999998,2023
Bruce Bishop,Football Pads,39.98,2022
Bruce Bishop,Football Pants Blue,144.95,2021
Bruce Bishop,Women's Tank Top White,54.95,2023
Bruce Chavez,Baseball 24 pack,125.98,2022
Bruce Chavez,Men's Clog Black,89.94999999999999,2023
Bruce Chavez,Soccer Shirt Blue,47.98,2021
Bruce Chavez,Soccer Shorts Black,25.99,2021
Bruce Chavez,Soccer Shorts Orange,181.92999999999998,2023
Bruce Chavez,Youth Hiking Boot Gray,359.90000000000003,2023
Bruce Chavez,Youth's Tank Top White,53.94,2023
Bruce Spencer,Basketball Shirt Blue,47.98,2021
Bruce Spencer,Basketball Shirt Red,119.94999999999999,2023
Bruce Spencer,Basketball Shirt Yellow,119.94999999999999,2022
Bruce Spencer,Basketball Shirt Yellow,311.87,2023
Bruce Spencer,Basketball Shorts Green,74.97,2021
Bruce Spencer,Basketball Shorts White,149.94,2023
Bruce Spencer,Football Helmet Yellow,216.92999999999998,2023
Bruce Spencer,Football Pads,39.98,2022
Bruce Spencer,Football Pads,159.92,2023
Bruce Spencer,Men's Pants Red,143.96,2022
Bruce Spencer,Men's Shorts Black,51.98,2022
Bruce Spencer,Soccer Ball,67.96,2022
Bruce Spencer,Soccer Ball,84.94999999999999,2023
Bruce Spencer,Soccer Shirt Red,23.99,2022
Bruce Spencer,Soccer Shirt Red,47.98,2023
Bruce Spencer,Soccer Shorts Black,51.98,2022
Bruce Spencer,Tennis Balls 3 pack,13.98,2022
Bruce Spencer,Women's Pants Yellow,209.94,2022
Bruce Spencer,Women's Pants Yellow,244.93,2023
Bruce Spencer,Women's Shorts Orange,24.99,2022
Bruce Spencer,Youth Running Shoe White,89.98,2021
Carl Bowman,Baseball 6 pack,50.97,2021
Carl Bowman,Baseball Bat Aluminum,89.94999999999999,2022
Carl Bowman,Baseball Bat Wooden,109.94999999999999,2022
Carl Bowman,Baseball Pants Blue,167.94,2023
Carl Bowman,Baseball Pants Yellow,195.92999999999998,2023
Carl Bowman,Basketball Shorts Green,174.93,2022
Carl Bowman,Basketball Shorts Green,124.94999999999999,2023
Carl Bowman,Basketball Shorts White,124.94999999999999,2021
Carl Bowman,Football Helmet Blue,154.95,2022
Carl Bowman,Football Helmet Blue,185.94,2023
Carl Bowman,Football Shirt White,139.95,2022
Carl Bowman,Men's Tank Top White,95.92,2022
Carl Bowman,Soccer Ball,67.96,2021
Carl Bowman,Soccer Shirt Green,119.94999999999999,2021
Carl Bowman,Soccer Shorts White,77.97,2022
Carl Bowman,Youth Hiking Boot Beige,143.96,2022
Carlos Webb,Baseball 6 pack,33.98,2022
Carlos Webb,Football Pants White,57.98,2022
Carlos Webb,Men's Flip Flop Black,41.97,2022
Carlos Webb,Women's Pants Green,34.99,2022
Carlos Webb,Youth Hiking Boot Beige,215.94,2023
Carlos Webb,Youth Running Shoe Blue,359.92,2022
Carlos Webb,Youth Running Shoe Yellow,224.95000000000002,2021
Carol Austin,Soccer Shorts White,155.94,2022
Carol Austin,Soccer Shorts White,181.92999999999998,2023
Carol Austin,Youth River Sandal Beige,65.98,2022
Carol Austin,Youth River Sandal Beige,98.97,2023
Catherine Boyd,Baseball Bat Wooden,153.92999999999998,2021
Catherine Boyd,Baseball Pants Orange,83.97,2021
Catherine Boyd,Baseball Shirt Red,77.97,2021
Catherine Boyd,Basketball Shirt Green,23.99,2021
Catherine Boyd,Basketball Shirt White,143.94,2023
Catherine Boyd,Basketball Shorts Orange,99.96,2022
Catherine Boyd,Basketball Shorts Orange,124.94999999999999,2023
Catherine Boyd,Football Pads,139.92999999999998,2023
Catherine Boyd,Men's T-Shirt Blue,63.96,2021
Catherine Boyd,Men's T-Shirt Blue,95.94,2023
Catherine Boyd,Soccer Shirt Orange,71.97,2021
Catherine Boyd,Soccer Shorts Black,77.97,2022
Catherine Boyd,Tennis Shirt Orange,47.98,2022
Catherine Boyd,Youth Running Shoe Yellow,314.93,2021
Catherine Shaw,Baseball Pants Orange,83.97,2022
Catherine Shaw,Baseball Pants Orange,111.96,2023
Catherine Shaw,Baseball Pants Yellow,27.99,2022
Catherine Shaw,Basketball Shirt Orange,143.94,2023
Catherine Shaw,Basketball Shorts Green,124.94999999999999,2023
Catherine Shaw,Football Helmet Red,61.98,2022
Catherine Shaw,Football Helmet Red,92.97,2023
Catherine Shaw,Football Pads,39.98,2022
Catherine Shaw,Football Pants Red,86.97,2022
Catherine Shaw,Football Pants Red,115.96,2023
Catherine Shaw,Soccer Ball,33.98,2022
Catherine Shaw,Soccer Ball,50.97,2023
Catherine Shaw,Soccer Shirt Green,95.96,2022
Catherine Shaw,Soccer Shirt Green,119.94999999999999,2023
Catherine Shaw,Soccer Shorts Orange,77.97,2022
Catherine Shaw,Tennis Balls 9 pack,119.94,2023
Catherine Shaw,Tennis Racket,107.97,2022
Catherine Shaw,Tennis Racket,143.96,2023
Catherine Shaw,Women's Flip Flop Black,47.96,2022
Catherine Shaw,Women's Flip Flop Black,59.95,2023
Catherine Shaw,Women's T-Shirt Green,44.97,2022
Catherine Shaw,Women's T-Shirt Green,59.96,2023
Chris Mason,Baseball 3 pack,53.94,2022
Chris Mason,Baseball Glove Yellow,62.97,2022
Chris Mason,Basketball,223.86,2023
Chris Mason,Basketball Shirt Black,119.94999999999999,2023
Chris Mason,Basketball Shirt Blue,167.92999999999998,2023
Chris Mason,Basketball Shirt Red,47.98,2022
Chris Mason,Basketball Shorts Black,149.94,2023
Chris Mason,Football Pads,119.94,2022
Chris Mason,Men's Hiking Boot Gray,183.96,2022
Chris Mason,Soccer Shirt Blue,47.98,2022
Chris Mason,Soccer Shirt Yellow,71.97,2021
Chris Mason,Soccer Shirt Yellow,71.97,2022
Chris Mason,Soccer Shirt Yellow,119.94999999999999,2023
Chris Mason,Tennis Balls 3 pack,27.96,2021
Chris Mason,Tennis Racket,107.97,2021
Chris Mason,Tennis Racket,179.95000000000002,2023
Chris Mason,Women's Clog White,15.99,2021
Chris Mason,Women's Running Shoe Red,299.96,2022
Chris Mason,Women's Shorts Blue,99.96,2022
Chris Mason,Women's Shorts Blue,124.94999999999999,2023
Christine Cole,Basketball,31.98,2022
Christine Cole,Basketball Shorts Orange,24.99,2021
Christine Cole,Men's Shorts Green,103.96,2021
Christine Cole,Men's Shorts Yellow,129.95,2021
Christine Cole,Men's Shorts Yellow,181.92999999999998,2023
Christine Cole,Soccer Ball,33.98,2021
Christine Cole,Soccer Shirt White,23.99,2021
Christine Cole,Soccer Shirt White,71.97,2023
Christine Cole,Soccer Shorts Yellow,155.94,2022
Christine Cole,Women's Clog Red,31.98,2021
Christine Cole,Women's Flip Flop Blue,47.96,2021
Christine Cole,Women's Flip Flop Blue,71.94,2023
Christine Cole,Women's Pants Red,104.97,2021
Christine Cole,Youth River Sandal Black,131.96,2022
Christine Collins,Baseball Pants Green,55.98,2022
Christine Collins,Basketball Shorts White,74.97,2021
Christine Collins,Football Shirt Blue,111.96,2021
Christine Collins,Men's Pants White,251.93,2023
Christine Collins,Men's Shorts Green,103.96,2022
Christine Collins,Soccer Shirt Black,47.98,2021
Christine Collins,Soccer Shirt Black,71.97,2022
Christine Collins,Soccer Shirt White,71.97,2022
Christine Collins,Soccer Shorts Red,51.98,2022
Christine Collins,Tennis Balls 24 pack,149.97,2021
Christine Collins,Tennis Racket,143.96,2022
Christine Collins,Women's Running Shoe White,374.95,2022
Christine Collins,Youth's Pants Red,49.98,2021
Christopher Barnes,Baseball 6 pack,118.92999999999999,2023
Christopher Barnes,Baseball Pants Blue,111.96,2022
Christopher Barnes,Basketball Shorts Yellow,249.89999999999998,2023
Christopher Barnes,Football Pads,19.99,2022
Christopher Barnes,Football Pads,119.94,2023
Christopher Barnes,Men's T-Shirt Blue,111.93,2023
Christopher Barnes,Soccer Ball,50.97,2021
Christopher Barnes,Soccer Shorts Green,155.94,2023
Christopher Barnes,Soccer Shorts White,103.96,2022
Christopher Barnes,Soccer Shorts White,155.94,2023
Christopher Barnes,Youth Flip Flop Orange,17.98,2022
Craig Robinson,Baseball 6 pack,67.96,2022
Craig Robinson,Baseball Glove White,62.97,2022
Craig Robinson,Basketball Shorts Blue,224.91,2022
Craig Robinson,Football Pants Black,144.95,2022
Craig Robinson,Football Shirt Blue,55.98,2021
Craig Robinson,Soccer Ball,33.98,2022
Craig Robinson,Soccer Shirt Green,23.99,2022
Craig Robinson,Women's Flip Flop White,23.98,2022
Craig Robinson,Women's Running Shoe Green,224.96999999999997,2022
Craig Robinson,Women's Shorts Black,99.96,2022
Craig Robinson,Youth Flip Flop Black,35.96,2022
Craig Robinson,Youth Running Shoe Red,44.99,2022
Cynthia Price,Baseball Bat Aluminum,35.98,2022
Cynthia Price,Basketball Shirt Green,23.99,2021
Cynthia Price,Basketball Shirt Orange,71.97,2022
Cynthia Price,Basketball Shorts Blue,74.97,2022
Cynthia Price,Basketball Shorts Blue,99.96,2023
Cynthia Price,Basketball Shorts White,24.99,2021
Cynthia Price,Football Helmet Green,92.97,2022
Cynthia Price,Football Shirt Blue,83.97,2021
Cynthia Price,Football Shirt Blue,139.95,2023
Cynthia Price,Men's Clog Blue,125.92999999999999,2021
Cynthia Price,Men's Flip Flop Green,41.97,2021
Cynthia Price,Men's Flip Flop Yellow,97.93,2023
Cynthia Price,Men's Running Shoe Orange,153.98,2022
Cynthia Price,Men's Running Shoe White,153.98,2022
Cynthia Price,Men's Running Shoe Yellow,76.99,2022
Cynthia Price,Soccer Ball,50.97,2021
Cynthia Price,Soccer Ball,84.94999999999999,2022
Cynthia Price,Soccer Shirt Orange,95.96,2021
Cynthia Price,Women's Clog Yellow,79.95,2021
Cynthia Price,Women's Clog Yellow,111.93,2023
Cynthia Price,Youth River Sandal Beige,98.97,2021
Cynthia Price,Youth Running Shoe Orange,89.98,2021
Cynthia Price,Youth Running Shoe Orange,179.96,2023
Denise Ward,Baseball,2.99,2021
Denise Ward,Baseball Glove Green,188.91,2023
Denise Ward,Basketball Shorts Black,49.98,2022
Denise Ward,Basketball Shorts Orange,149.94,2023
Denise Ward,Football Pads,199.89999999999998,2023
Denise Ward,Men's River Sandal Beige,472.89000000000004,2023
Denise Ward,Men's Running Shoe Green,384.95,2022
Denise Ward,Men's Running Shoe Red,230.96999999999997,2021
Denise Ward,Soccer Ball,135.92,2023
Denise Ward,Soccer Shirt Orange,71.97,2022
Denise Ward,Tennis Racket,215.94,2023
Denise Ward,Women's Flip Flop Black,59.95,2021
Denise Ward,Women's Pants Green,104.97,2022
Denise Ward,Women's Pants Orange,69.98,2021
Denise Ward,Women's Pants Red,244.93,2021
Denise Ward,Women's Shorts Green,74.97,2021
Denise Ward,Youth Running Shoe Blue,494.89000000000004,2023
Denise Ward,Youth Running Shoe Red,134.97,2021
Diane Campbell,Basketball Shorts Orange,174.92999999999998,2021
Diane Campbell,Men's Tank Top Green,11.99,2022
Diane Campbell,Men's Tank Top Green,23.98,2023
Diane Campbell,Tennis Racket,179.95000000000002,2022
Diane Campbell,Tennis Racket,215.94,2023
Diane Campbell,Women's Clog Black,47.97,2021
Donald Bailey,Baseball 6 pack,118.92999999999999,2023
Donald Bailey,Men's Hiking Boot Black,91.98,2021
Donald Bailey,Tennis Shorts Yellow,174.92999999999998,2023
Donald Bailey,Women's Flip Flop Orange,59.95,2023
Donald Bailey,Women's T-Shirt Orange,29.98,2021
Donald Rose,Basketball Shirt Blue,167.92999999999998,2022
Donald Rose,Basketball Shorts Blue,124.94999999999999,2022
Donald Rose,Basketball Shorts Blue,149.94,2023
Donald Rose,Basketball Shorts Green,149.94,2022
Donald Rose,Basketball Shorts Green,174.92999999999998,2023
Donald Rose,Football Pads,139.92999999999998,2021
Donald Rose,Football Pants Orange,57.98,2022
Donald Rose,Men's Tank Top Orange,35.97,2022
Donald Rose,Soccer Ball,50.97,2021
Donald Rose,Soccer Ball,118.92999999999999,2022
Donald Rose,Tennis Shirt Green,47.98,2021
Donald Rose,Women's Pants Green,104.97,2021
Donald Rose,Women's Running Shoe Black,224.96999999999997,2022
Donald Rose,Youth River Sandal Gray,32.99,2021
Donald Rose,Youth's Shorts Orange,33.98,2021
Donald Rose,Youth's Tank Top White,26.97,2022
Donald Rose,Youth's Tank Top Yellow,17.98,2022
Donald Rose,Youth's Tank Top Yellow,26.97,2023
Donna Reid,Baseball 12 pack,65.98,2021
Donna Reid,Baseball Glove Black,125.94,2022
Donna Reid,Baseball Glove Black,146.92999999999998,2023
Donna Reid,Baseball Pants Orange,279.9,2023
Donna Reid,Baseball Pants White,223.92,2023
Donna Reid,Baseball Shirt Blue,129.95,2022
Donna Reid,Basketball Shirt Blue,47.98,2021
Donna Reid,Basketball Shirt Green,47.98,2021
Donna Reid,Basketball Shorts Black,174.92999999999998,2023
Donna Reid,Football Pads,39.98,2021
Donna Reid,Football Pads,59.97,2022
Donna Reid,Football Pants Orange,202.92999999999998,2021
Donna Reid,Men's Flip Flop Yellow,27.98,2021
Donna Reid,Men's Tank Top Black,59.95,2022
Donna Reid,Men's Tank Top Red,47.96,2022
Donna Reid,Soccer Ball,84.94999999999999,2021
Donna Reid,Soccer Ball,118.92999999999999,2023
Donna Reid,Soccer Shorts Black,77.97,2021
Donna Reid,Tennis Balls 3 pack,20.97,2022
Donna Reid,Tennis Racket,107.97,2021
Donna Reid,Women's Flip Flop Black,71.94,2023
Donna Reid,Women's Hiking Boot Beige,42.99,2022
Donna Reid,Women's Hiking Boot Beige,85.98,2023
Donna Reid,Women's Running Shoe Orange,899.8799999999999,2022
Donna Reid,Women's T-Shirt Black,59.96,2022
Donna Reid,Women's T-Shirt Black,74.95,2023
Dorothy Ramirez,Baseball Glove Green,41.98,2022
Dorothy Ramirez,Basketball,31.98,2022
Dorothy Ramirez,Men's Pants White,287.92,2022
Dorothy Ramirez,Men's River Sandal Black,171.96,2023
Dorothy Ramirez,Men's River Sandal Gray,300.93,2023
Dorothy Ramirez,Men's Shorts Green,155.94,2022
Dorothy Ramirez,Soccer Shirt Red,47.98,2022
Dorothy Ramirez,Women's Running Shoe Black,374.95,2023
Dorothy Ramirez,Women's Running Shoe White,524.93,2022
Douglas Arnold,Baseball 12 pack,98.97,2021
Douglas Arnold,Baseball 12 pack,164.95000000000002,2023
Douglas Arnold,Basketball Shirt Orange,167.92999999999998,2023
Douglas Arnold,Basketball Shirt Red,167.92999999999998,2023
Douglas Arnold,Football Pads,39.98,2022
Douglas Arnold,Football Pants Green,57.98,2022
Douglas Arnold,Soccer Ball,203.88,2023
Douglas Arnold,Soccer Shirt Black,191.92,2023
Douglas Arnold,Women's Flip Flop Red,83.93,2022
Douglas Arnold,Women's Flip Flop White,107.91,2023
Douglas Arnold,Youth Running Shoe Yellow,224.95000000000002,2022
Douglas Perez,Baseball,8.97,2021
Douglas Perez,Baseball 6 pack,50.97,2022
Douglas Perez,Baseball 6 pack,67.96,2023
Douglas Perez,Baseball Glove Blue,62.97,2021
Douglas Perez,Baseball Glove Blue,104.94999999999999,2023
Douglas Perez,Baseball Glove Red,62.97,2021
Douglas Perez,Baseball Glove Red,104.94999999999999,2023
Douglas Perez,Baseball Glove Yellow,62.97,2021
Douglas Perez,Baseball Pants Black,55.98,2022
Douglas Perez,Baseball Pants Black,83.97,2023
Douglas Perez,Baseball Pants Orange,27.99,2021
Douglas Perez,Baseball Pants Red,111.96,2022
Douglas Perez,Baseball Pants Red,139.95,2023
Douglas Perez,Basketball Shirt Red,71.97,2021
Douglas Perez,Basketball Shirt Red,119.94999999999999,2023
Douglas Perez,Basketball Shirt White,95.96,2022
Douglas Perez,Football Pads,99.94999999999999,2023
Douglas Perez,Football Shirt Green,195.92999999999998,2023
Douglas Perez,Football Shirt Yellow,111.96,2021
Douglas Perez,Men's Hiking Boot Black,91.98,2022
Douglas Perez,Men's Running Shoe Red,230.96999999999997,2021
Douglas Perez,Men's Tank Top Red,23.98,2022
Douglas Perez,Soccer Ball,67.96,2021
Douglas Perez,Soccer Ball,322.80999999999995,2023
Douglas Perez,Soccer Shirt Orange,239.89999999999998,2023
Douglas Perez,Soccer Shorts Green,181.92999999999998,2023
Douglas Perez,Women's Shorts Orange,324.87,2023
Douglas Perez,Youth Flip Flop White,62.93,2023
Douglas Perez,Youth River Sandal Gray,164.95000000000002,2021
Earl Black,Baseball 12 pack,164.95000000000002,2022
Earl Black,Baseball Bat Wooden,175.92,2022
Earl Black,Baseball Bat Wooden,131.94,2023
Earl Black,Baseball Glove Green,20.99,2021
Earl Black,Baseball Glove Green,62.97,2023
Earl Black,Baseball Glove Orange,104.94999999999999,2023
Earl Black,Baseball Pants Yellow,139.95,2022
Earl Black,Basketball,15.99,2021
Earl Black,Basketball,79.95,2023
Earl Black,Basketball Shirt Orange,191.92,2023
Earl Black,Men's Clog White,53.97,2021
Earl Black,Men's Clog White,89.94999999999999,2022
Earl Black,Men's Clog White,89.94999999999999,2023
Earl Black,Men's Shorts Green,207.92,2021
Earl Black,Men's Tank Top Red,47.96,2021
Earl Black,Soccer Shirt Blue,191.92,2022
Earl Black,Women's Clog White,143.91,2022
Earl Black,Women's River Sandal Black,81.98,2021
Earl Black,Women's Running Shoe Yellow,674.91,2021
Earl Black,Women's Tank Top Yellow,10.99,2022
Earl Thompson,Baseball 6 pack,135.92,2023
Earl Thompson,Basketball Shorts Yellow,124.94999999999999,2023
Earl Thompson,Men's Tank Top Black,35.97,2022
Earl Thompson,Men's Tank Top Black,47.96,2023
Earl Thompson,Youth River Sandal Brown,197.94,2023
Earl Thompson,Youth Running Shoe Orange,134.97,2022
Earl Thompson,Youth Running Shoe Orange,179.96,2023
Edward Ray,Baseball,38.870000000000005,2023
Edward Ray,Baseball Shirt White,181.92999999999998,2023
Edward Ray,Basketball Shirt Orange,143.94,2023
Edward Ray,Basketball Shirt Red,119.94999999999999,2021
Edward Ray,Basketball Shirt Red,119.94999999999999,2022
Edward Ray,Basketball Shirt White,95.96,2022
Edward Ray,Basketball Shirt White,119.94999999999999,2023
Edward Ray,Basketball Shorts Green,74.97,2022
Edward Ray,Men's Tank Top Red,35.97,2021
Edward Ray,Men's Tank Top Red,59.95,2023
Edward Ray,Soccer Shorts Black,155.94,2023
Edward Ray,Soccer Shorts White,181.92999999999998,2022
Edward Ray,Soccer Shorts White,207.92,2023
Edward Ray,Women's Clog Red,47.97,2022
Edward Ray,Women's Clog Red,63.96,2023
Edward Ray,Women's Pants Green,209.94,2023
Edward Sullivan,Basketball Shorts Blue,49.98,2021
Edward Sullivan,Basketball Shorts Orange,49.98,2021
Edward Sullivan,Football Helmet Black,92.97,2022
Edward Sullivan,Football Pads,159.92,2021
Edward Sullivan,Men's Clog Yellow,125.92999999999999,2021
Edward Sullivan,Men's Flip Flop Blue,27.98,2021
Edward Sullivan,Men's Flip Flop Blue,55.96,2023
Edward Sullivan,Men's Pants Red,215.94,2023
Edward Sullivan,Soccer Ball,50.97,2022
Edward Sullivan,Tennis Balls 24 pack,499.90000000000003,2021
Edward Sullivan,Tennis Balls 24 pack,599.88,2023
Edward Sullivan,Tennis Balls 3 pack,13.98,2021
Edward Sullivan,Women's Hiking Boot Brown,85.98,2022
Edward Sullivan,Women's Hiking Boot Brown,128.97,2023
Edward Sullivan,Women's Shorts Orange,74.97,2021
Edward Sullivan,Youth Running Shoe Blue,179.96,2021
Edward Sullivan,Youth Running Shoe Green,44.99,2021
Elizabeth Williams,Baseball 3 pack,17.98,2021
Elizabeth Williams,Baseball Shirt Orange,25.99,2022
Elizabeth Williams,Basketball Shorts Green,199.92,2021
Elizabeth Williams,Basketball Shorts Green,249.89999999999998,2023
Elizabeth Williams,Football Pads,39.98,2022
Elizabeth Williams,Men's Pants Yellow,179.95000000000002,2022
Elizabeth Williams,Soccer Ball,50.97,2022
Elizabeth Williams,Soccer Shirt Green,47.98,2021
Elizabeth Williams,Tennis Racket,215.94,2022
Elizabeth Williams,Women's Clog Green,143.91,2023
Elizabeth Williams,Women's Pants Green,349.9,2021
Elizabeth Williams,Women's Pants Green,174.95000000000002,2023
Elizabeth Williams,Youth River Sandal Brown,98.97,2022
Eric Tucker,Baseball Bat Wooden,87.96,2022
Eric Tucker,Baseball Bat Wooden,109.94999999999999,2023
Eric Tucker,Baseball Shirt Green,311.88,2023
Eric Tucker,Men's Tank Top Yellow,23.98,2022
Eric Tucker,Soccer Shirt Green,95.96,2022
Eric Tucker,Soccer Shirt Green,119.94999999999999,2023
Eric Tucker,Soccer Shirt Yellow,95.96,2022
Eric Tucker,Soccer Shirt Yellow,119.94999999999999,2023
Eric Tucker,Women's Flip Flop White,35.97,2022
Eric Tucker,Women's Flip Flop White,47.96,2023
Eric Tucker,Women's Shorts Red,199.92,2022
Eric Tucker,Women's Shorts Red,224.91,2023
Eric Tucker,Women's Tank Top White,43.96,2021
Eric Tucker,Youth Hiking Boot Gray,143.96,2021
Eric Turner,Baseball 24 pack,440.93,2023
Eric Turner,Baseball 6 pack,50.97,2022
Eric Turner,Baseball Bat Wooden,241.89,2023
Eric Turner,Baseball Shirt White,25.99,2021
Eric Turner,Basketball Shirt Black,215.91,2022
Eric Turner,Basketball Shirt Red,47.98,2022
Eric Turner,Basketball Shirt Yellow,167.92999999999998,2023
Eric Turner,Men's Running Shoe White,461.93999999999994,2023
Eric Turner,Soccer Shorts White,51.98,2021
Eric Turner,Tennis Shorts Black,124.94999999999999,2023
Eric Turner,Women's Clog Orange,127.92,2023
Eric Turner,Women's Flip Flop Blue,35.97,2022
Eric Turner,Women's Pants Red,104.97,2021
Eric Wright,Basketball,31.98,2021
Eric Wright,Basketball,47.97,2022
Eric Wright,Basketball Shirt Yellow,71.97,2022
Eric Wright,Football Pants Black,144.95,2021
Eric Wright,Men's Shorts Orange,129.95,2023
Eric Wright,Soccer Shorts White,51.98,2022
Eric Wright,Tennis Racket,251.93,2022
Eric Wright,Women's Clog Red,31.98,2022
Eric Wright,Women's Pants White,69.98,2021
Eric Wright,Women's Running Shoe White,299.96,2023
Eric Wright,Women's Shorts Red,149.94,2022
Eric Wright,Women's Shorts White,49.98,2021
Eric Wright,Youth Hiking Boot Beige,71.98,2022
Frances Burton,Baseball Pants Black,111.96,2021
Frances Burton,Basketball Shirt Black,71.97,2022
Frances Burton,Basketball Shirt Green,143.94,2023
Frances Burton,Football Pads,99.94999999999999,2021
Frances Burton,Football Pads,139.92999999999998,2023
Frances Burton,Men's Flip Flop Red,69.95,2021
Frances Burton,Men's Flip Flop Red,97.93,2023
Frances Burton,Men's Tank Top Black,35.97,2022
Frances Burton,Women's Running Shoe White,224.96999999999997,2022
Frances Burton,Women's Shorts Green,124.94999999999999,2021
Frances Burton,Women's Shorts Green,174.92999999999998,2023
Frances Burton,Women's Tank Top Green,76.93,2022
Frances Burton,Youth Running Shoe Green,269.94,2021
Frances Burton,Youth Running Shoe Green,359.92,2023
Frank Castillo,Baseball 24 pack,566.91,2021
Frank Castillo,Baseball 24 pack,692.89,2023
Frank Castillo,Baseball 6 pack,16.99,2022
Frank Castillo,Baseball Bat Aluminum,35.98,2022
Frank Castillo,Baseball Bat Wooden,21.99,2022
Frank Castillo,Baseball Pants Red,139.95,2022
Frank Castillo,Men's Clog Orange,215.88,2022
Frank Castillo,Men's Flip Flop Blue,27.98,2021
Frank Castillo,Men's T-Shirt Blue,15.99,2022
Frank Castillo,Men's T-Shirt Red,47.97,2021
Frank Castillo,Soccer Shirt Red,47.98,2021
Frank Castillo,Tennis Balls 24 pack,199.96,2022
Frank Castillo,Tennis Balls 3 pack,13.98,2021
Frank Castillo,Tennis Shirt Red,71.97,2022
Frank Castillo,Women's Flip Flop White,11.99,2022
Frank Castillo,Youth Running Shoe Green,89.98,2021
Frank Stewart,Baseball Glove White,104.94999999999999,2022
Frank Stewart,Basketball Shorts Blue,49.98,2021
Frank Stewart,Football Pads,139.92999999999998,2021
Frank Stewart,Football Shirt Orange,251.91,2023
Frank Stewart,Men's Tank Top Red,35.97,2021
Frank Stewart,Youth's Pants White,99.96,2021
Frank Stewart,Youth's Tank Top Orange,44.95,2021
Fred Burns,Baseball 3 pack,26.97,2021
Fred Burns,Baseball Pants Red,139.95,2022
Fred Burns,Basketball Shirt Black,47.98,2021
Fred Burns,Basketball Shirt Black,95.96,2022
Fred Burns,Football Pads,159.92,2022
Fred Burns,Men's Flip Flop Red,27.98,2021
Fred Burns,Men's River Sandal Gray,128.97,2021
Fred Burns,Men's Shorts Red,155.94,2022
Fred Burns,Men's Tank Top Green,35.97,2021
Fred Burns,Soccer Shirt Orange,23.99,2021
Fred Burns,Soccer Shorts Yellow,77.97,2022
Fred Burns,Tennis Balls 24 pack,249.95000000000002,2021
Fred Burns,Tennis Racket,71.98,2022
Fred Burns,Women's River Sandal Beige,122.97,2021
Fred Burns,Women's Tank Top Orange,32.97,2022
Fred Burns,Women's T-Shirt Green,14.99,2021
Fred Burns,Women's T-Shirt Green,44.97,2023
Fred Burns,Youth Hiking Boot Brown,323.91,2021
Gregory Berry,Basketball Shirt Red,335.85999999999996,2022
Gregory Berry,Men's Tank Top Green,71.94,2022
Gregory Berry,Women's Flip Flop Yellow,47.96,2022
Gregory Berry,Women's Tank Top Red,21.98,2022
Gregory Berry,Youth Hiking Boot Gray,179.95000000000002,2023
Gregory Berry,Youth's T-Shirt Black,23.98,2022
Harold Thomas,Baseball 12 pack,362.89000000000004,2023
Harold Thomas,Baseball Bat Aluminum,107.94,2023
Harold Thomas,Baseball Shirt Green,51.98,2021
Harold Thomas,Baseball Shirt Green,103.96,2023
Harold Thomas,Baseball Shirt Red,51.98,2022
Harold Thomas,Basketball,63.96,2021
Harold Thomas,Basketball,143.91,2023
Harold Thomas,Basketball Shirt White,71.97,2022
Harold Thomas,Football Helmet White,92.97,2022
Harold Thomas,Men's Pants Green,179.95000000000002,2021
Harold Thomas,Tennis Racket,71.98,2022
Harold Thomas,Tennis Shirt Red,167.92999999999998,2023
Harold Thomas,Women's Tank Top Green,54.95,2021
Harold Thomas,Women's T-Shirt Red,29.98,2022
Harold Thomas,Youth Running Shoe Orange,89.98,2022
Harry Andrews,Baseball Bat Aluminum,107.94,2021
Harry Andrews,Basketball Shirt Green,191.92,2021
Harry Andrews,Basketball Shorts Blue,199.92,2023
Harry Andrews,Basketball Shorts Green,149.94,2023
Harry Andrews,Basketball Shorts Red,74.97,2021
Harry Andrews,Basketball Shorts Yellow,124.94999999999999,2021
Harry Andrews,Men's Pants Yellow,179.95000000000002,2021
Harry Andrews,Men's Running Shoe Orange,153.98,2021
Harry Andrews,Men's Tank Top Blue,35.97,2021
Harry Andrews,Soccer Shorts Green,311.88,2023
Harry Oliver,Baseball 12 pack,197.94,2023
Harry Oliver,Baseball Bat Aluminum,89.94999999999999,2023
Harry Oliver,Baseball Glove Red,209.89999999999998,2023
Harry Oliver,Basketball,31.98,2021
Harry Oliver,Basketball,143.91,2022
Harry Oliver,Basketball Shirt Orange,119.94999999999999,2022
Harry Oliver,Basketball Shorts White,49.98,2022
Harry Oliver,Basketball Shorts White,74.97,2023
Harry Oliver,Football Shirt Green,223.92,2022
Harry Oliver,Football Shirt Yellow,55.98,2022
Harry Oliver,Men's Flip Flop Red,27.98,2021
Harry Oliver,Men's Running Shoe Blue,384.95,2022
Harry Oliver,Men's Running Shoe Red,153.98,2021
Harry Oliver,Men's Running Shoe Yellow,538.93,2021
Harry Oliver,Tennis Shirt Blue,143.94,2021
Harry Oliver,Youth Hiking Boot Gray,71.98,2022
Harry Oliver,Youth Running Shoe Black,89.98,2022
Harry Oliver,Youth Running Shoe Black,134.97,2023
Harry Oliver,Youth's T-Shirt Green,23.98,2022
Harry Oliver,Youth's T-Shirt Green,35.97,2023
Heather Walker,Baseball Pants Red,139.95,2021
Heather Walker,Basketball Shirt Yellow,119.94999999999999,2022
Heather Walker,Football Pads,179.91,2021
Heather Walker,Football Pads,219.89,2023
Heather Walker,Football Pants Blue,144.95,2021
Heather Walker,Men's Clog White,35.98,2022
Heather Walker,Men's Pants White,107.97,2022
Heather Walker,Soccer Shirt Yellow,47.98,2021
Heather Walker,Soccer Shorts Yellow,155.94,2023
Heather Walker,Tennis Balls 3 pack,69.9,2022
Heather Walker,Tennis Shorts Black,74.97,2021
Heather Walker,Youth Hiking Boot Black,287.92,2021
Heather Walker,Youth River Sandal Black,98.97,2021
Heather Walker,Youth's T-Shirt Orange,23.98,2022
Heather Walker,Youth's T-Shirt Orange,35.97,2023
Henry Alexander,Basketball Shirt Blue,23.99,2022
Henry Alexander,Basketball Shirt Orange,167.92999999999998,2023
Henry Alexander,Basketball Shorts Yellow,49.98,2021
Henry Alexander,Men's Shorts Orange,51.98,2021
Henry Alexander,Soccer Ball,16.99,2021
Henry Alexander,Soccer Shirt Black,71.97,2022
Henry Alexander,Soccer Shirt White,119.94999999999999,2022
Henry Alexander,Soccer Shorts Black,51.98,2022
Henry Alexander,Tennis Balls 3 pack,13.98,2021
Henry Alexander,Tennis Balls 3 pack,27.96,2023
Henry Alexander,Tennis Racket,323.91,2023
Henry Alexander,Women's Shorts Blue,49.98,2022
Henry Watson,Baseball Pants Red,195.92999999999998,2022
Henry Watson,Basketball Shirt Blue,119.94999999999999,2022
Henry Watson,Men's Flip Flop Blue,27.98,2021
Henry Watson,Men's Flip Flop Yellow,125.91,2021
Henry Watson,Men's T-Shirt Black,95.94,2022
Henry Watson,Soccer Shirt Blue,215.91,2021
Henry Watson,Women's Tank Top Orange,21.98,2022
Henry Watson,Youth Flip Flop Black,17.98,2022
Henry Watson,Youth Flip Flop Green,17.98,2022
Howard Bryant,Baseball,17.94,2022
Howard Bryant,Baseball 6 pack,101.94,2023
Howard Bryant,Baseball Bat Aluminum,53.97,2021
Howard Bryant,Men's Shorts Yellow,77.97,2022
Howard Bryant,Soccer Shorts White,103.96,2022
Howard Bryant,Soccer Shorts White,129.95,2023
Howard Bryant,Tennis Racket,179.95000000000002,2021
Howard Bryant,Women's Pants Red,104.97,2022
Howard Bryant,Women's Shorts Orange,274.89,2023
Howard Bryant,Women's Tank Top Black,21.98,2022
Howard Bryant,Women's Tank Top Black,32.97,2023
Howard Bryant,Youth Flip Flop Blue,17.98,2022
Howard Bryant,Youth Flip Flop Blue,26.97,2023
Howard Bryant,Youth Flip Flop Green,53.94,2022
Howard Bryant,Youth River Sandal Beige,98.97,2022
Jack Russell,Baseball Shirt Blue,25.99,2022
Jack Russell,Basketball Shirt Blue,143.94,2022
Jack Russell,Basketball Shorts Blue,49.98,2022
Jack Russell,Basketball Shorts Red,149.94,2022
Jack Russell,Football Helmet Green,154.95,2022
Jack Russell,Men's Shorts Blue,77.97,2021
Jack Russell,Men's Shorts Blue,129.95,2023
Jack Russell,Soccer Shirt Black,71.97,2022
Jack Russell,Soccer Shirt Yellow,47.98,2022
Jack Russell,Tennis Racket,71.98,2022
Jack Russell,Tennis Shirt Black,167.92999999999998,2023
Jack Russell,Women's Flip Flop Black,119.9,2023
Jack Russell,Women's Hiking Boot Brown,128.97,2022
Jack Russell,Women's Pants Blue,314.91,2023
Jack Russell,Youth Running Shoe Black,44.99,2021
Jack Ryan,Baseball Glove Blue,62.97,2021
Jack Ryan,Baseball Shirt Black,77.97,2021
Jack Ryan,Basketball Shirt Black,167.92999999999998,2023
Jack Ryan,Basketball Shirt Green,191.92,2023
Jack Ryan,Basketball Shirt White,119.94999999999999,2023
Jack Ryan,Basketball Shorts Red,149.94,2022
Jack Ryan,Soccer Shirt Orange,167.92999999999998,2023
Jack Ryan,Tennis Shorts Black,124.94999999999999,2023
Jack Ryan,Tennis Shorts White,74.97,2021
Jack Ryan,Youth Flip Flop Red,44.95,2022
Jack Ryan,Youth Running Shoe Orange,314.93,2023
James Sanchez,Basketball Shirt Black,95.96,2022
James Sanchez,Basketball Shirt Green,47.98,2021
James Sanchez,Basketball Shirt Orange,119.94999999999999,2023
James Sanchez,Basketball Shorts Orange,74.97,2021
James Sanchez,Football Helmet Black,123.96,2022
James Sanchez,Football Pads,59.97,2022
James Sanchez,Football Pants Black,86.97,2022
James Sanchez,Football Pants White,57.98,2022
James Sanchez,Men's Clog Green,89.94999999999999,2023
James Sanchez,Men's Running Shoe Black,461.93999999999994,2021
James Sanchez,Men's Tank Top Orange,83.93,2022
James Sanchez,Soccer Shirt Blue,215.91,2021
James Sanchez,Soccer Shorts Black,181.92999999999998,2021
James Sanchez,Women's Tank Top Orange,21.98,2021
James Sanchez,Youth Flip Flop Black,26.97,2021
James Sanchez,Youth River Sandal Beige,65.98,2021
James Sanchez,Youth's Shorts Blue,50.97,2022
Jane Peterson,Baseball 24 pack,314.95,2022
Jane Peterson,Basketball,79.95,2021
Jane Peterson,Basketball,47.97,2022
Jane Peterson,Basketball,287.82,2023
Jane Peterson,Basketball Shirt Orange,71.97,2021
Jane Peterson,Basketball Shorts Orange,124.94999999999999,2022
Jane Peterson,Football Helmet Black,123.96,2021
Jane Peterson,Football Helmet Green,92.97,2022
Jane Peterson,Football Helmet Green,123.96,2023
Jane Peterson,Football Pads,119.94,2023
Jane Peterson,Men's Hiking Boot Beige,137.97,2022
Jane Peterson,Men's T-Shirt Orange,47.97,2022
Jane Peterson,Soccer Shirt Orange,143.94,2023
Jane Peterson,Tennis Racket,35.99,2022
Jane Peterson,Tennis Shorts Blue,99.96,2021
Jane Peterson,Women's Shorts Orange,49.98,2022
Jane Peterson,Women's Shorts White,74.97,2022
Jane Peterson,Youth's T-Shirt Yellow,95.92,2021
Janet Carr,Basketball,223.86,2023
Janet Carr,Basketball Shorts Black,49.98,2022
Janet Carr,Basketball Shorts Red,124.94999999999999,2021
Janet Carr,Basketball Shorts White,224.91,2021
Janet Carr,Football Shirt Yellow,55.98,2021
Janet Carr,Soccer Shorts Green,51.98,2022
Janet Carr,Soccer Shorts Orange,155.94,2023
Janet Watkins,Baseball,8.97,2022
Janet Watkins,Baseball 24 pack,503.92,2023
Janet Watkins,Baseball Bat Wooden,65.97,2021
Janet Watkins,Baseball Glove Black,167.92,2022
Janet Watkins,Baseball Shirt Yellow,233.91,2021
Janet Watkins,Basketball Shirt Red,47.98,2022
Janet Watkins,Men's Clog Black,107.94,2022
Janet Watkins,Men's Hiking Boot Gray,413.91,2022
Janet Watkins,Men's Pants Blue,35.99,2022
Janet Watkins,Men's Pants Red,251.93,2022
Janet Watkins,Men's Shorts Blue,77.97,2022
Janet Watkins,Men's Tank Top Green,23.98,2022
Janet Watkins,Men's T-Shirt Blue,143.91,2022
Janet Watkins,Soccer Ball,118.92999999999999,2023
Janet Watkins,Soccer Shorts Blue,51.98,2021
Janet Watkins,Soccer Shorts Red,77.97,2022
Janet Watkins,Tennis Shirt White,71.97,2021
Janet Watkins,Women's Clog Black,47.97,2021
Janet Watkins,Women's Pants Black,69.98,2022
Janet Watkins,Women's Pants Black,104.97,2023
Janet Watkins,Youth Running Shoe Orange,44.99,2022
Janet Watkins,Youth Running Shoe Orange,89.98,2023
Janice Crawford,Baseball Bat Wooden,153.92999999999998,2021
Janice Crawford,Women's Hiking Boot Black,85.98,2022
Janice Crawford,Youth Running Shoe White,269.94,2022
Jason Scott,Baseball 3 pack,35.96,2022
Jason Scott,Baseball 3 pack,44.95,2023
Jason Scott,Baseball Pants Green,139.95,2023
Jason Scott,Baseball Shirt White,51.98,2022
Jason Scott,Basketball Shirt Orange,143.94,2022
Jason Scott,Football Pads,39.98,2021
Jason Scott,Football Pads,79.96,2023
Jason Scott,Football Shirt Red,139.95,2023
Jason Scott,Men's Clog Red,89.94999999999999,2023
Jason Scott,Men's Pants White,251.93,2023
Jason Scott,Soccer Ball,135.92,2023
Jason Scott,Soccer Shorts Green,103.96,2021
Jason Scott,Soccer Shorts Green,155.94,2023
Jason Scott,Tennis Balls 9 pack,179.91,2021
Jason Scott,Tennis Racket,251.93,2021
Jason Scott,Tennis Racket,323.91,2023
Jason Scott,Tennis Shirt Black,191.92,2023
Jason Scott,Tennis Shirt Green,239.89999999999998,2023
Jason Scott,Women's Flip Flop Blue,35.97,2021
Jason Scott,Women's Flip Flop Blue,59.95,2023
Jason Scott,Women's Running Shoe Blue,449.93999999999994,2023
Jason Scott,Women's T-Shirt Black,89.94,2023
Jason Scott,Women's T-Shirt Yellow,104.93,2023
Jason Scott,Youth Hiking Boot Brown,107.97,2021
Jason Scott,Youth Hiking Boot Brown,215.94,2023
Jason Scott,Youth River Sandal Black,98.97,2022
Jason Scott,Youth River Sandal Black,131.96,2023
Jason Scott,Youth River Sandal Brown,65.98,2023
Jason Scott,Youth River Sandal Gray,65.98,2021
Jason Scott,Youth Running Shoe Red,314.93,2023
Jessica Washington,Basketball,15.99,2021
Jessica Washington,Basketball,47.97,2023
Jessica Washington,Basketball Shorts Yellow,99.96,2022
Jessica Washington,Men's Pants Black,107.97,2022
Jessica Washington,Men's Pants Yellow,35.99,2022
Jessica Washington,Men's Pants Yellow,71.98,2023
Jessica Washington,Tennis Balls 9 pack,179.91,2021
Jessica Washington,Women's T-Shirt Green,254.83,2023
Jessica Washington,Women's T-Shirt Red,59.96,2021
Jessica Washington,Youth Running Shoe Red,179.96,2021
Jessica Washington,Youth Running Shoe Red,269.94,2023
John Rivera,Baseball Glove Green,125.94,2023
John Rivera,Baseball Pants White,195.92999999999998,2021
John Rivera,Baseball Shirt White,155.94,2023
John Rivera,Basketball Shirt Red,239.89999999999998,2023
John Rivera,Basketball Shorts Blue,24.99,2021
John Rivera,Men's Pants White,251.93,2023
John Rivera,Tennis Balls 9 pack,59.97,2021
John Rivera,Tennis Balls 9 pack,99.94999999999999,2023
John Rivera,Tennis Racket,71.98,2021
John Rivera,Tennis Shorts White,74.97,2021
John Rivera,Women's Running Shoe Blue,224.96999999999997,2021
John Rivera,Women's Shorts White,99.96,2021
John Rivera,Women's T-Shirt Red,134.91,2023
John Rivera,Youth Flip Flop Yellow,80.91,2021
John Rivera,Youth Hiking Boot Gray,431.88,2023
John Rivera,Youth River Sandal Brown,164.95000000000002,2023
John Rivera,Youth's Pants Yellow,49.98,2022
Joseph Alvarez,Baseball,8.97,2021
Joseph Alvarez,Basketball Shirt Blue,47.98,2021
Joseph Alvarez,Basketball Shirt Blue,95.96,2023
Joseph Alvarez,Basketball Shorts Red,149.94,2021
Joseph Alvarez,Football Shirt Yellow,167.94,2023
Joseph Alvarez,Men's Clog Green,161.91,2023
Joseph Alvarez,Men's Hiking Boot Black,229.95000000000002,2021
Joseph Alvarez,Men's Hiking Boot Black,321.93,2023
Joseph Alvarez,Soccer Ball,33.98,2022
Joseph Alvarez,Tennis Balls 3 pack,48.93,2023
Joseph Alvarez,Tennis Shirt Black,95.96,2021
Joseph Alvarez,Tennis Shorts Orange,99.96,2021
Joseph Alvarez,Tennis Shorts Orange,149.94,2023
Joseph Alvarez,Women's Clog Green,111.93,2023
Joseph Alvarez,Women's Clog White,127.92,2023
Joseph Alvarez,Women's Tank Top White,76.93,2023
Joseph Alvarez,Youth Flip Flop Blue,44.95,2021
Joseph Alvarez,Youth Flip Flop Blue,62.93,2023
Joseph Alvarez,Youth Hiking Boot Black,107.97,2021
Joseph Richards,Baseball Shirt Yellow,51.98,2022
Joseph Richards,Baseball Shirt Yellow,77.97,2023
Joseph Richards,Basketball Shorts Green,49.98,2022
Joseph Richards,Football Helmet White,61.98,2022
Joseph Richards,Football Helmet White,92.97,2023
Joseph Richards,Football Pants Yellow,57.98,2022
Joseph Richards,Football Pants Yellow,86.97,2023
Joseph Richards,Men's Pants Green,143.96,2022
Joseph Richards,Men's Pants Green,179.95000000000002,2023
Joseph Richards,Men's Tank Top Black,47.96,2022
Joseph Richards,Men's Tank Top Black,59.95,2023
Joseph Richards,Soccer Shorts Blue,25.99,2022
Joseph Richards,Soccer Shorts Blue,51.98,2023
Joseph Richards,Tennis Balls 3 pack,34.95,2022
Joseph Richards,Tennis Balls 3 pack,41.94,2023
Joseph Richards,Women's T-Shirt Red,29.98,2022
Joseph Richards,Women's T-Shirt Red,44.97,2023
Joseph Richards,Women's T-Shirt White,59.96,2022
Joseph Richards,Women's T-Shirt White,74.95,2023
Joseph Richards,Youth Running Shoe Black,89.98,2022
Joseph Richards,Youth Running Shoe Black,134.97,2023
Judith Anderson,Baseball 24 pack,125.98,2022
Judith Anderson,Baseball Bat Aluminum,71.96,2023
Judith Anderson,Baseball Shirt Green,25.99,2022
Judith Anderson,Basketball,271.83,2022
Judith Anderson,Basketball Shirt White,215.91,2022
Judith Anderson,Basketball Shirt Yellow,119.94999999999999,2022
Judith Anderson,Football Pads,139.92999999999998,2022
Judith Anderson,Soccer Ball,50.97,2022
Judith Anderson,Soccer Shorts White,129.95,2022
Judith Anderson,Women's Hiking Boot Black,257.94,2023
Judith Anderson,Youth River Sandal Gray,131.96,2022
Judith Anderson,Youth River Sandal Gray,164.95000000000002,2023
Judith Woods,Baseball Pants Red,111.96,2022
Judith Woods,Basketball Shirt Orange,23.99,2021
Judith Woods,Men's Clog Blue,53.97,2022
Judith Woods,Men's Flip Flop Yellow,27.98,2022
Judith Woods,Men's Flip Flop Yellow,41.97,2023
Judith Woods,Men's Hiking Boot Beige,229.95000000000002,2022
Judith Woods,Men's Hiking Boot Beige,275.94,2023
Judith Woods,Men's River Sandal Gray,214.95000000000002,2023
Judith Woods,Soccer Ball,118.92999999999999,2021
Judith Woods,Soccer Shirt Red,47.98,2021
Judith Woods,Soccer Shorts Yellow,155.94,2023
Judith Woods,Tennis Balls 3 pack,55.92,2022
Judith Woods,Tennis Shirt Orange,119.94999999999999,2022
Judith Woods,Women's Pants Green,244.93,2021
Judith Woods,Youth River Sandal Beige,32.99,2022
Julia Young,Basketball Shorts White,124.94999999999999,2022
Julia Young,Men's Flip Flop Orange,27.98,2022
Julia Young,Women's Pants Orange,244.93,2021
Julia Young,Women's Pants Orange,314.91,2023
Julia Young,Women's River Sandal Black,81.98,2022
Julia Young,Youth Running Shoe Red,89.98,2022
Julie Wheeler,Basketball Shirt White,263.89,2023
Julie Wheeler,Men's Shorts Yellow,51.98,2021
Julie Wheeler,Men's Shorts Yellow,103.96,2023
Julie Wheeler,Tennis Balls 24 pack,149.97,2022
Julie Wheeler,Women's T-Shirt Black,104.93,2023
Julie Wheeler,Women's T-Shirt Red,164.89000000000001,2023
Julie Wheeler,Youth's Tank Top White,26.97,2022
Karen Torres,Baseball Pants Blue,223.92,2023
Karen Torres,Basketball Shorts Red,24.99,2021
Karen Torres,Football Pants Black,202.92999999999998,2023
Karen Torres,Men's Flip Flop Yellow,167.88,2023
Karen Torres,Men's Running Shoe Yellow,538.93,2022
Karen Torres,Soccer Shorts Green,51.98,2021
Karen Torres,Women's Hiking Boot Beige,257.94,2023
Karen Torres,Women's Shorts Green,149.94,2023
Karen Torres,Youth Flip Flop Yellow,53.94,2023
Karen Torres,Youth River Sandal Brown,197.94,2023
Karen Torres,Youth's Shorts Green,16.99,2021
Kathryn Willis,Baseball 6 pack,152.91,2022
Kathryn Willis,Baseball Glove Blue,83.96,2022
Kathryn Willis,Baseball Shirt Red,129.95,2023
Kathryn Willis,Baseball Shirt White,51.98,2022
Kathryn Willis,Basketball,47.97,2022
Kathryn Willis,Basketball Shirt Blue,191.92,2022
Kathryn Willis,Basketball Shirt Blue,119.94999999999999,2023
Kathryn Willis,Basketball Shorts Red,299.88,2023
Kathryn Willis,Football Pads,39.98,2022
Kathryn Willis,Men's Flip Flop Orange,27.98,2022
Kathryn Willis,Soccer Shirt Black,47.98,2022
Kathryn Willis,Soccer Shirt Green,119.94999999999999,2023
Kathryn Willis,Soccer Shirt Yellow,167.92999999999998,2023
Kathryn Willis,Tennis Balls 3 pack,20.97,2022
Kathryn Willis,Tennis Racket,251.93,2023
Kathryn Willis,Tennis Shirt Black,215.91,2023
Kathryn Willis,Women's Flip Flop Green,11.99,2022
Kathryn Willis,Women's Flip Flop Orange,59.95,2022
Kathryn Willis,Women's Pants Blue,279.92,2023
Kathryn Willis,Women's Running Shoe Blue,299.96,2022
Kathryn Willis,Women's Shorts Orange,74.97,2022
Kathryn Willis,Youth Running Shoe Orange,134.97,2022
Laura Cruz,Baseball Glove Black,125.94,2022
Laura Cruz,Baseball Glove Blue,146.92999999999998,2021
Laura Cruz,Baseball Shirt Red,51.98,2022
Laura Cruz,Basketball,143.91,2022
Laura Cruz,Basketball Shorts White,99.96,2022
Laura Cruz,Football Shirt Red,111.96,2022
Laura Cruz,Men's Tank Top Green,59.95,2021
Laura Cruz,Men's Tank Top Green,83.93,2023
Laura Cruz,Soccer Ball,101.94,2022
Laura Cruz,Soccer Shirt Black,95.96,2021
Laura Cruz,Soccer Shirt Black,143.94,2023
Laura Cruz,Soccer Shirt White,23.99,2022
Laura Cruz,Soccer Shorts Green,181.92999999999998,2022
Laura Cruz,Tennis Shirt Blue,119.94999999999999,2022
Laura Cruz,Tennis Shorts Blue,49.98,2022
Laura Cruz,Women's Pants Green,104.97,2022
Laura Cruz,Women's Shorts Yellow,49.98,2022
Laura Cruz,Women's Tank Top Black,32.97,2021
Laura Cruz,Youth Flip Flop Red,62.93,2022
Laura Cruz,Youth Flip Flop White,53.94,2023
Margaret Richardson,Basketball Shirt Blue,71.97,2022
Margaret Richardson,Men's T-Shirt Green,79.95,2022
Margaret Richardson,Tennis Racket,143.96,2021
Margaret Richardson,Women's Pants White,34.99,2022
Margaret Richardson,Women's River Sandal Beige,122.97,2022
Martin Reyes,Baseball Pants Black,111.96,2022
Martin Reyes,Baseball Shirt Black,103.96,2022
Martin Reyes,Basketball Shirt Orange,47.98,2021
Martin Reyes,Basketball Shirt Orange,95.96,2023
Martin Reyes,Basketball Shorts Green,49.98,2022
Martin Reyes,Football Helmet Blue,185.94,2022
Martin Reyes,Football Pads,159.92,2022
Martin Reyes,Men's Clog Blue,53.97,2022
Martin Reyes,Men's Pants White,71.98,2022
Martin Reyes,Men's River Sandal Black,128.97,2022
Martin Reyes,Men's Tank Top Green,143.88,2023
Martin Reyes,Men's Tank Top Red,59.95,2021
Martin Reyes,Soccer Shirt Black,71.97,2022
Martin Reyes,Tennis Balls 3 pack,34.95,2022
Martin Reyes,Tennis Balls 9 pack,159.92,2023
Martin Reyes,Tennis Shorts Green,124.94999999999999,2023
Martin Reyes,Women's Hiking Boot Gray,386.91,2022
Martin Reyes,Women's Pants Green,139.96,2021
Martin Reyes,Women's Pants Red,209.94,2021
Martin Reyes,Women's T-Shirt Red,29.98,2022
Martin Reyes,Women's T-Shirt Yellow,134.91,2023
Martin Reyes,Youth River Sandal Gray,65.98,2022
Martin Reyes,Youth Running Shoe Orange,89.98,2022
Martin Reyes,Youth Running Shoe White,539.88,2023
Michelle Simpson,Baseball 24 pack,440.93,2023
Michelle Simpson,Baseball Glove Blue,83.96,2022
Michelle Simpson,Basketball Shorts Yellow,124.94999999999999,2023
Michelle Simpson,Men's Shorts Green,155.94,2023
Michelle Simpson,Soccer Shirt Green,95.96,2022
Michelle Simpson,Soccer Shirt Yellow,23.99,2022
Mildred Allen,Baseball,8.97,2021
Mildred Allen,Men's Tank Top Red,35.97,2021
Mildred Allen,Soccer Ball,135.92,2021
Mildred Allen,Soccer Ball,169.89999999999998,2023
Mildred Allen,Soccer Shirt Yellow,71.97,2022
Mildred Allen,Soccer Shirt Yellow,95.96,2023
Mildred Allen,Soccer Shorts Blue,51.98,2021
Mildred Allen,Soccer Shorts Orange,77.97,2021
Mildred Allen,Soccer Shorts Orange,129.95,2023
Mildred Allen,Soccer Shorts Yellow,25.99,2021
Mildred Allen,Soccer Shorts Yellow,77.97,2023
Mildred Allen,Tennis Balls 24 pack,49.99,2021
Mildred Allen,Tennis Balls 24 pack,149.97,2023
Mildred Allen,Tennis Shorts Yellow,74.97,2021
Mildred Allen,Tennis Shorts Yellow,124.94999999999999,2023
Mildred Allen,Women's Running Shoe White,299.96,2021
Mildred Allen,Women's Shorts Black,74.97,2021
Mildred Allen,Youth Running Shoe Orange,269.94,2023
Mildred Bennett,Basketball Shorts Blue,49.98,2021
Mildred Bennett,Basketball Shorts Blue,99.96,2023
Mildred Bennett,Football Pads,39.98,2022
Mildred Bennett,Football Pants White,144.95,2021
Mildred Bennett,Men's Shorts Green,51.98,2022
Mildred Bennett,Men's Shorts Yellow,51.98,2021
Mildred Bennett,Soccer Ball,50.97,2022
Mildred Bennett,Soccer Shirt Red,95.96,2022
Mildred Bennett,Tennis Shorts Black,49.98,2022
Mildred Bennett,Women's Shorts White,24.99,2022
Mildred Bennett,Youth Hiking Boot Beige,143.96,2021
Mildred Bennett,Youth Hiking Boot Beige,215.94,2023
Norma Porter,Baseball Glove White,83.96,2021
Norma Porter,Baseball Pants Blue,55.98,2021
Norma Porter,Basketball Shirt Red,119.94999999999999,2022
Norma Porter,Basketball Shorts Black,49.98,2021
Norma Porter,Basketball Shorts Red,74.97,2022
Norma Porter,Basketball Shorts Red,99.96,2023
Norma Porter,Men's River Sandal Gray,85.98,2021
Norma Porter,Soccer Shirt Red,95.96,2022
Norma Porter,Soccer Shorts Green,51.98,2021
Norma Porter,Youth Running Shoe Blue,134.97,2022
Patrick Vasquez,Baseball Pants Green,55.98,2022
Patrick Vasquez,Baseball Pants Green,83.97,2023
Patrick Vasquez,Baseball Shirt Blue,103.96,2022
Patrick Vasquez,Basketball Shirt Black,47.98,2022
Patrick Vasquez,Basketball Shirt Black,71.97,2023
Patrick Vasquez,Basketball Shirt Orange,119.94999999999999,2021
Patrick Vasquez,Basketball Shirt Orange,119.94999999999999,2022
Patrick Vasquez,Basketball Shirt Orange,143.94,2023
Patrick Vasquez,Basketball Shirt White,263.89,2022
Patrick Vasquez,Basketball Shirt White,311.87,2023
Patrick Vasquez,Basketball Shorts Blue,174.92999999999998,2023
Patrick Vasquez,Basketball Shorts Green,24.99,2022
Patrick Vasquez,Basketball Shorts Green,49.98,2023
Patrick Vasquez,Basketball Shorts Orange,99.96,2022
Patrick Vasquez,Football Helmet Yellow,278.90999999999997,2022
Patrick Vasquez,Football Pads,79.96,2021
Patrick Vasquez,Men's Running Shoe Red,615.92,2023
Patrick Vasquez,Men's T-Shirt Red,31.98,2022
Patrick Vasquez,Soccer Shirt Green,119.94999999999999,2021
Patrick Vasquez,Soccer Shirt Green,167.92999999999998,2023
Patrick Vasquez,Tennis Racket,107.97,2021
Patrick Vasquez,Tennis Racket,179.95000000000002,2023
Patrick Vasquez,Women's Shorts Yellow,99.96,2022
Patrick Vasquez,Women's Tank Top Green,21.98,2021
Patrick Vasquez,Women's Tank Top Green,43.96,2023
Patrick Vasquez,Women's T-Shirt Yellow,44.97,2022
Patrick Vasquez,Women's T-Shirt Yellow,59.96,2023
Patrick Vasquez,Youth Hiking Boot Brown,251.93,2022
Patrick Vasquez,Youth Hiking Boot Brown,287.92,2023
Patrick Vasquez,Youth Hiking Boot Gray,179.95000000000002,2021
Patrick Vasquez,Youth Hiking Boot Gray,251.93,2023
Patrick Vasquez,Youth River Sandal Gray,32.99,2021
Philip Young,Basketball Shirt Red,71.97,2022
Philip Young,Basketball Shirt Yellow,191.92,2021
Philip Young,Football Helmet Orange,154.95,2022
Philip Young,Football Shirt White,27.99,2021
Philip Young,Men's T-Shirt Green,111.93,2022
Philip Young,Women's Pants Orange,104.97,2021
Philip Young,Women's Shorts Green,99.96,2022
Phyllis Weaver,Baseball 12 pack,65.98,2022
Phyllis Weaver,Baseball 6 pack,84.94999999999999,2021
Phyllis Weaver,Baseball Pants Black,111.96,2021
Phyllis Weaver,Football Helmet White,30.99,2021
Phyllis Weaver,Football Helmet White,92.97,2023
Phyllis Weaver,Football Pads,199.89999999999998,2022
Phyllis Weaver,Football Pants Green,28.99,2021
Phyllis Weaver,Men's Flip Flop Yellow,125.91,2022
Phyllis Weaver,Tennis Shirt Yellow,71.97,2022
Phyllis Weaver,Youth Hiking Boot Gray,71.98,2022
Phyllis Weaver,Youth Running Shoe Orange,134.97,2022
Phyllis Weaver,Youth Running Shoe Orange,179.96,2023
Robin Welch,Baseball Glove White,146.92999999999998,2023
Robin Welch,Baseball Pants Red,139.95,2022
Robin Welch,Basketball Shirt White,239.89999999999998,2023
Robin Welch,Basketball Shorts Black,149.94,2023
Robin Welch,Men's Flip Flop White,27.98,2021
Robin Welch,Men's Flip Flop White,55.96,2023
Robin Welch,Men's Pants White,107.97,2021
Robin Welch,Men's Pants White,179.95000000000002,2023
Robin Welch,Men's T-Shirt Red,31.98,2021
Robin Welch,Men's T-Shirt Red,63.96,2023
Robin Welch,Soccer Shirt Yellow,191.92,2023
Robin Welch,Women's Pants Red,314.91,2023
Robin Welch,Women's Running Shoe Red,74.99,2021
Robin Welch,Women's Running Shoe Red,224.96999999999997,2023
Robin Welch,Women's Shorts Green,149.94,2023
Robin Welch,Youth's Pants Orange,49.98,2021
Robin Welch,Youth's Pants Orange,99.96,2023
Ronald Allen,Baseball Glove White,83.96,2021
Ronald Allen,Men's River Sandal Brown,85.98,2022
Ronald Allen,Soccer Shirt Orange,119.94999999999999,2023
Ronald Allen,Soccer Shirt White,47.98,2022
Ronald Allen,Tennis Shorts White,74.97,2022
Ronald Allen,Women's T-Shirt Blue,89.94,2021
Ronald Allen,Youth Running Shoe Black,134.97,2022
Ronald Allen,Youth Running Shoe Blue,179.96,2022
Rose Stanley,Baseball 12 pack,164.95000000000002,2022
Rose Stanley,Baseball 24 pack,125.98,2021
Rose Stanley,Baseball Glove Blue,62.97,2022
Rose Stanley,Baseball Glove Yellow,188.91,2023
Rose Stanley,Baseball Pants Orange,55.98,2022
Rose Stanley,Basketball,47.97,2022
Rose Stanley,Basketball Shirt Black,167.92999999999998,2023
Rose Stanley,Basketball Shirt Blue,119.94999999999999,2023
Rose Stanley,Basketball Shirt Red,71.97,2022
Rose Stanley,Basketball Shirt Red,95.96,2023
Rose Stanley,Football Helmet Green,61.98,2022
Rose Stanley,Football Pads,59.97,2022
Rose Stanley,Football Pads,99.94999999999999,2023
Rose Stanley,Men's Hiking Boot Brown,137.97,2022
Rose Stanley,Men's Hiking Boot Brown,183.96,2023
Rose Stanley,Men's Pants White,215.94,2022
Rose Stanley,Men's Tank Top Red,95.92,2023
Rose Stanley,Soccer Shirt Blue,191.92,2023
Rose Stanley,Soccer Shirt Green,215.91,2023
Rose Stanley,Women's Clog Green,63.96,2022
Rose Stanley,Youth's T-Shirt Black,35.97,2022
Roy Payne,Baseball Pants Red,195.92999999999998,2021
Roy Payne,Baseball Pants Red,251.91,2023
Roy Payne,Basketball Shirt Orange,167.92999999999998,2022
Roy Payne,Basketball Shirt Yellow,95.96,2021
Roy Payne,Basketball Shirt Yellow,143.94,2023
Roy Payne,Basketball Shorts Blue,549.78,2021
Roy Payne,Basketball Shorts Blue,624.75,2023
Roy Payne,Basketball Shorts Orange,174.92999999999998,2023
Roy Payne,Football Pants Blue,202.92999999999998,2021
Roy Payne,Football Pants Blue,260.90999999999997,2023
Roy Payne,Football Shirt Red,111.96,2021
Roy Payne,Men's Running Shoe Black,230.96999999999997,2022
Roy Payne,Men's T-Shirt Yellow,111.93,2023
Roy Payne,Soccer Shorts Black,25.99,2021
Roy Payne,Soccer Shorts Orange,51.98,2021
Roy Payne,Soccer Shorts Orange,103.96,2023
Roy Payne,Women's Hiking Boot Beige,128.97,2021
Roy Payne,Women's Pants Red,174.95000000000002,2021
Roy Payne,Women's Pants Red,244.93,2023
Roy Payne,Women's Shorts Green,49.98,2021
Roy Payne,Women's Shorts Green,99.96,2023
Roy Payne,Women's T-Shirt Blue,74.95,2023
Roy Payne,Youth Flip Flop Black,17.98,2021
Roy Payne,Youth Flip Flop White,26.97,2021
Ruby Powell,Baseball Bat Aluminum,17.99,2021
Ruby Powell,Baseball Pants Black,83.97,2022
Ruby Powell,Basketball,31.98,2022
Ruby Powell,Basketball Shorts Green,149.94,2021
Ruby Powell,Basketball Shorts Green,99.96,2022
Ruby Powell,Football Helmet Black,92.97,2021
Ruby Powell,Men's Hiking Boot Black,91.98,2021
Ruby Powell,Men's Hiking Boot Black,183.96,2023
Ruby Powell,Men's Shorts Yellow,77.97,2022
Ruby Powell,Men's T-Shirt Orange,223.86,2022
Ruby Powell,Soccer Ball,50.97,2022
Ruby Powell,Tennis Shirt Black,119.94999999999999,2022
Ruby Powell,Women's Flip Flop Orange,23.98,2021
Ruby Powell,Youth Flip Flop Orange,71.92,2023
Ruby Powell,Youth Hiking Boot Brown,143.96,2021
Ruby Powell,Youth Running Shoe Black,44.99,2021
Stephanie Owens,Baseball Bat Aluminum,107.94,2023
Stephanie Owens,Basketball,47.97,2022
Stephanie Owens,Basketball Shirt Orange,215.91,2023
Stephanie Owens,Basketball Shorts Blue,124.94999999999999,2022
Stephanie Owens,Men's Running Shoe Green,461.93999999999994,2023
Stephanie Owens,Men's Tank Top Black,83.93,2023
Stephanie Owens,Men's Tank Top Orange,71.94,2023
Stephanie Owens,Soccer Ball,101.94,2022
Stephanie Owens,Soccer Shorts White,77.97,2021
Stephanie Owens,Tennis Racket,107.97,2022
Stephanie Owens,Women's Shorts Black,124.94999999999999,2022
Stephanie Owens,Women's Shorts Black,149.94,2023
Tina Robertson,Baseball Glove Red,146.92999999999998,2022
Tina Robertson,Baseball Pants Yellow,55.98,2022
Tina Robertson,Basketball,47.97,2022
Tina Robertson,Basketball Shirt Black,23.99,2021
Tina Robertson,Basketball Shorts Yellow,149.94,2022
Tina Robertson,Football Pads,39.98,2022
Tina Robertson,Men's Clog Blue,71.96,2021
Tina Robertson,Men's Pants Green,35.99,2022
Tina Robertson,Soccer Ball,50.97,2022
Tina Robertson,Tennis Racket,287.92,2022
Tina Robertson,Women's Hiking Boot Brown,42.99,2021
Tina Robertson,Women's Hiking Boot Brown,85.98,2022
Tina Robertson,Women's Pants White,104.97,2022
Tina Robertson,Women's Running Shoe Red,524.93,2023
Tina Robertson,Women's Shorts Yellow,124.94999999999999,2022
Tina Robertson,Youth Flip Flop White,80.91,2023
Todd Alexander,Tennis Shorts Red,124.94999999999999,2021
Todd Alexander,Women's Hiking Boot Beige,85.98,2021
Todd Alexander,Women's Pants Green,139.96,2021
Todd Alexander,Women's Shorts Blue,74.97,2022
Todd Alexander,Youth Flip Flop Yellow,80.91,2023
Todd Alexander,Youth's Shorts Black,50.97,2022
Todd Smith,Football Pads,139.92999999999998,2023
Todd Smith,Men's Flip Flop Yellow,153.89000000000001,2023
Todd Smith,Soccer Shirt White,71.97,2021
Todd Smith,Soccer Shorts Blue,155.94,2023
Todd Smith,Tennis Shirt Orange,215.91,2023
Todd Smith,Women's T-Shirt Green,44.97,2021
Victor Wells,Basketball Shirt Green,47.98,2021
Victor Wells,Men's Running Shoe White,461.93999999999994,2021
Victor Wells,Men's Running Shoe White,76.99,2022
Victor Wells,Men's Tank Top Orange,95.92,2022
Victor Wells,Men's T-Shirt Yellow,31.98,2022
Victor Wells,Soccer Shirt Blue,71.97,2022
Victor Wells,Soccer Shorts Red,129.95,2022
Victor Wells,Women's Flip Flop Red,23.98,2022
Victor Wells,Women's Pants Green,174.95000000000002,2022
Victor Wells,Women's Tank Top White,21.98,2022
Victor Wells,Youth Flip Flop Yellow,17.98,2022
Virginia Rice,Baseball Glove Orange,125.94,2021
Virginia Rice,Basketball Shirt Blue,23.99,2021
Virginia Rice,Basketball Shirt White,263.89,2022
Virginia Rice,Basketball Shorts White,124.94999999999999,2022
Virginia Rice,Men's T-Shirt Yellow,143.91,2021
Virginia Rice,Soccer Shorts Red,51.98,2021
Virginia Rice,Tennis Racket,107.97,2021
Virginia Rice,Tennis Shorts Red,49.98,2021
Virginia Rice,Women's Pants White,244.93,2023
Virginia Rice,Women's Running Shoe Green,749.9,2021
Virginia Rice,Youth Flip Flop Yellow,35.96,2021
Virginia Sanders,Baseball 6 pack,50.97,2022
Virginia Sanders,Baseball Glove Yellow,167.92,2023
Virginia Sanders,Basketball,79.95,2021
Virginia Sanders,Basketball Shirt Yellow,191.92,2022
Virginia Sanders,Men's Clog Orange,89.94999999999999,2022
Virginia Sanders,Men's Hiking Boot Gray,367.92,2022
Virginia Sanders,Men's T-Shirt Black,79.95,2022
Virginia Sanders,Men's T-Shirt Blue,47.97,2022
Virginia Sanders,Men's T-Shirt Yellow,15.99,2021
Virginia Sanders,Tennis Balls 24 pack,349.93,2023
Virginia Sanders,Tennis Racket,35.99,2022
Virginia Sanders,Tennis Shorts Orange,74.97,2022
Virginia Sanders,Women's Pants White,209.94,2022
Virginia Sanders,Women's Pants Yellow,69.98,2022
Virginia Sanders,Youth Flip Flop Green,17.98,2021
Virginia Sanders,Youth Flip Flop White,53.94,2022
Virginia Sanders,Youth Running Shoe Green,134.97,2021
Virginia Sanders,Youth Running Shoe Green,494.89000000000004,2023
Virginia Sanders,Youth's Tank Top Black,62.93,2021
